alias_venue,alias_city,canonical_venue,canonical_city,canonical_country,review_status,notes
Adelaide Oval,,Adelaide Oval,Adelaide,Australia,approved_auto,source=gemini_candidate
"Aigburth, Liverpool",Liverpool,Aigburth,Liverpool,England,approved_auto,source=gemini_candidate
Al Amerat Cricket Ground Oman Cricket (Ministry Turf 1),Al Amarat,Al Amerat Cricket Ground Oman Cricket (Ministry Turf 1),Al Amerat,Oman,approved_auto,source=gemini_candidate
Al Amerat Cricket Ground Oman Cricket (Ministry Turf 1),,Al Amerat Cricket Ground Oman Cricket (Ministry Turf 1),Al Amerat,Oman,approved_auto,source=gemini_candidate
Al Amerat Cricket Ground Oman Cricket (Ministry Turf 2),Al Amarat,Al Amerat Cricket Ground Oman Cricket (Ministry Turf 2),Al Amerat,Oman,approved_auto,source=gemini_candidate
Al Amerat Cricket Ground Oman Cricket (Ministry Turf 2),,Al Amerat Cricket Ground Oman Cricket (Ministry Turf 2),Al Amerat,Oman,approved_auto,source=gemini_candidate
"Albert Park 1, Suva",Suva,Albert Park 1,Suva,Fiji,approved_auto,source=gemini_candidate
"Albert Park 2, Suva",Suva,Albert Park 2,Suva,Fiji,approved_auto,source=gemini_candidate
"Allan Border Field, Brisbane",Brisbane,Allan Border Field,Brisbane,Australia,approved_auto,source=gemini_candidate
"Amini Park, Port Moresby",Port Moresby,Amini Park,Port Moresby,Papua New Guinea,approved_auto,source=gemini_candidate
"Antigua Recreation Ground, St John's",Antigua,Antigua Recreation Ground,St John's,Antigua and Barbuda,approved_auto,source=gemini_candidate
"Antigua Recreation Ground, St John's, Antigua",St John's,Antigua Recreation Ground,St John's,Antigua and Barbuda,approved_auto,source=gemini_candidate
"Arnos Vale Ground, Kingstown",St Vincent,Arnos Vale Ground,Kingstown,Saint Vincent and the Grenadines,approved_auto,source=gemini_candidate
"Arnos Vale Ground, Kingstown, St Vincent",Kingstown,Arnos Vale Ground,Kingstown,Saint Vincent and the Grenadines,approved_auto,source=gemini_candidate
Arun Jaitley Stadium,,Arun Jaitley Stadium,Delhi,India,approved_auto,source=gemini_candidate
"Arun Jaitley Stadium, Delhi",Delhi,Arun Jaitley Stadium,Delhi,India,approved_auto,source=gemini_candidate
Feroz Shah Kotla,Delhi,Arun Jaitley Stadium,Delhi,India,approved_auto,source=gemini_candidate
Arundel Castle Cricket Club Ground,,Arundel Castle Cricket Club Ground,Arundel,England,approved_auto,source=gemini_candidate
"Asian Institute of Technology Ground, Bangkok",Bangkok,Asian Institute of Technology Ground,Bangkok,Thailand,approved_auto,source=gemini_candidate
"Aurora Stadium, Launceston",Launceston,Aurora Stadium,Launceston,Australia,approved_auto,source=gemini_candidate
"Bangabandhu National Stadium, Dhaka",Dhaka,Bangabandhu National Stadium,Dhaka,Bangladesh,approved_auto,source=gemini_candidate
"Bankstown Oval, Sydney",Sydney,Bankstown Oval,Sydney,Australia,approved_auto,source=gemini_candidate
Barabati Stadium,,Barabati Stadium,Cuttack,India,approved_auto,source=gemini_candidate
"Barabati Stadium, Cuttack",Cuttack,Barabati Stadium,Cuttack,India,approved_auto,source=gemini_candidate
"Barsapara Cricket Stadium, Guwahati",Guwahati,Barsapara Cricket Stadium,Guwahati,India,approved_auto,source=gemini_candidate
"Basin Reserve, Wellington",Wellington,Basin Reserve,Wellington,New Zealand,approved_auto,source=gemini_candidate
Cello Basin Reserve,,Basin Reserve,Wellington,New Zealand,approved_auto,source=gemini_candidate
Bay Oval,,Bay Oval,Mount Maunganui,New Zealand,approved_auto,source=gemini_candidate
"Bay Oval, Mount Maunganui",Mount Maunganui,Bay Oval,Mount Maunganui,New Zealand,approved_auto,source=gemini_candidate
"Bayuemas Oval, Kuala Lumpur",Kuala Lumpur,Bayuemas Oval,Kuala Lumpur,Malaysia,approved_auto,source=gemini_candidate
"Bellerive Oval, Hobart",Hobart,Bellerive Oval,Hobart,Australia,approved_auto,source=gemini_candidate
"Bert Sutcliffe Oval, Lincoln",Lincoln,Bert Sutcliffe Oval,Lincoln,New Zealand,approved_auto,source=gemini_candidate
Bharat Ratna Shri Atal Bihari Vajpai Ekana Cricket Stadium,Lucknow,Bharat Ratna Shri Atal Bihari Vajpayee Ekana Cricket Stadium,Lucknow,India,approved_auto,source=gemini_candidate
Bharat Ratna Shri Atal Bihari Vajpayee Ekana Cricket Stadium,,Bharat Ratna Shri Atal Bihari Vajpayee Ekana Cricket Stadium,Lucknow,India,approved_auto,source=gemini_candidate
"Bharat Ratna Shri Atal Bihari Vajpayee Ekana Cricket Stadium, Lucknow",Lucknow,Bharat Ratna Shri Atal Bihari Vajpayee Ekana Cricket Stadium,Lucknow,India,approved_auto,source=gemini_candidate
"Blacktown International Sportspark, Sydney",Sydney,Blacktown International Sportspark,Sydney,Australia,approved_auto,source=gemini_candidate
Boland Bank Park,Paarl,Boland Park,Paarl,South Africa,approved_auto,source=gemini_candidate
"Boland Bank Park, Paarl",Paarl,Boland Park,Paarl,South Africa,approved_auto,source=gemini_candidate
"Boland Park, Paarl",Paarl,Boland Park,Paarl,South Africa,approved_auto,source=gemini_candidate
"Botswana Cricket Association Oval 1, Gaborone",Gaborone,Botswana Cricket Association Oval 1,Gaborone,Botswana,approved_auto,source=gemini_candidate
"Botswana Cricket Association Oval 2, Gaborone",Gaborone,Botswana Cricket Association Oval 2,Gaborone,Botswana,approved_auto,source=gemini_candidate
"Brabourne Stadium, Mumbai",Mumbai,Brabourne Stadium,Mumbai,India,approved_auto,source=gemini_candidate
"Bradman Oval, Bowral",Bowral,Bradman Oval,Bowral,Australia,approved_auto,source=gemini_candidate
Bready,Derry,"Bready Cricket Club, Magheramason",Londonderry,Northern Ireland,approved_auto,source=gemini_candidate
"Bready Cricket Club, Magheramason",Bready,"Bready Cricket Club, Magheramason",Londonderry,Northern Ireland,approved_auto,source=gemini_candidate
"Bready Cricket Club, Magheramason, Bready",Bready,"Bready Cricket Club, Magheramason",Londonderry,Northern Ireland,approved_auto,source=gemini_candidate
"Brian Lara Stadium, Tarouba",Trinidad,Brian Lara Stadium,Tarouba,Trinidad and Tobago,approved_auto,source=gemini_candidate
"Brian Lara Stadium, Tarouba, Trinidad",Tarouba,Brian Lara Stadium,Tarouba,Trinidad and Tobago,approved_auto,source=gemini_candidate
"Brisbane Cricket Ground, Woolloongabba",Brisbane,Brisbane Cricket Ground,Brisbane,Australia,approved_auto,source=gemini_candidate
"Brisbane Cricket Ground, Woolloongabba, Brisbane",Brisbane,Brisbane Cricket Ground,Brisbane,Australia,approved_auto,source=gemini_candidate
"Buffalo Park, East London",East London,Buffalo Park,East London,South Africa,approved_auto,source=gemini_candidate
Bulawayo Athletic Club,,Bulawayo Athletic Club,Bulawayo,Zimbabwe,approved_auto,source=gemini_candidate
"Cambusdoon New Ground, Ayr",Ayr,Cambusdoon New Ground,Ayr,Scotland,approved_auto,source=gemini_candidate
"Captain Roop Singh Stadium, Gwalior",Gwalior,Captain Roop Singh Stadium,Gwalior,India,approved_auto,source=gemini_candidate
Carrara Oval,,Carrara Oval,Carrara,Australia,approved_auto,source=gemini_candidate
"Casey Fields No 4, Melbourne",Melbourne,Casey Fields No. 4,Melbourne,Australia,approved_auto,source=gemini_candidate
"Castle Avenue, Dublin",Dublin,Castle Avenue,Dublin,Ireland,approved_auto,source=gemini_candidate
"Castle Park Cricket Ground, Colchester",Colchester,Castle Park Cricket Ground,Colchester,England,approved_auto,source=gemini_candidate
"Bundaberg Rum Stadium, Cairns",Cairns,Cazaly's Stadium,Cairns,Australia,approved_auto,source=gemini_candidate
"Cazaly's Stadium, Cairns",Cairns,Cazaly's Stadium,Cairns,Australia,approved_auto,source=gemini_candidate
"Central Broward Regional Park Stadium Turf Ground, Lauderhill",Lauderhill,Central Broward Regional Park Stadium Turf Ground,Lauderhill,United States of America,approved_auto,source=gemini_candidate
"Chevrolet Park, Bloemfontein",Bloemfontein,Chevrolet Park,Bloemfontein,South Africa,approved_auto,source=gemini_candidate
"Church Street Park, Morrisville",Morrisville,Church Street Park,Morrisville,United States of America,approved_auto,source=gemini_candidate
"City Oval, Pietermaritzburg",Pietermaritzburg,City Oval,Pietermaritzburg,South Africa,approved_auto,source=gemini_candidate
"Civil Service Cricket Club, Stormont, Belfast",Belfast,"Civil Service Cricket Club, Stormont",Belfast,Northern Ireland,approved_auto,source=gemini_candidate
"Clontarf Cricket Club Ground, Dublin",Dublin,Clontarf Cricket Club Ground,Dublin,Ireland,approved_auto,source=gemini_candidate
Cobham Oval,,Cobham Oval,Whangarei,New Zealand,approved_auto,source=gemini_candidate
Cobham Oval (New),Whangarei,Cobham Oval,Whangarei,New Zealand,approved_auto,source=gemini_candidate
"Cobham Oval (New), Whangarei",Whangarei,Cobham Oval,Whangarei,New Zealand,approved_auto,source=gemini_candidate
"Cobham Oval, Whangarei",Whangarei,Cobham Oval,Whangarei,New Zealand,approved_auto,source=gemini_candidate
Colin Maiden Park,,Colin Maiden Park,Auckland,New Zealand,approved_auto,source=gemini_candidate
"Colin Maiden Park, Auckland",Auckland,Colin Maiden Park,Auckland,New Zealand,approved_auto,source=gemini_candidate
"College Field, St Peter Port",St Peter Port,College Field,St Peter Port,Guernsey,approved_auto,source=gemini_candidate
"College Ground, Cheltenham",Cheltenham,College Ground,Cheltenham,England,approved_auto,source=gemini_candidate
Colombo Cricket Club Ground,,Colombo Cricket Club Ground,Colombo,Sri Lanka,approved_auto,source=gemini_candidate
"Colts Cricket Club Ground, Colombo",Colombo,Colts Cricket Club Ground,Colombo,Sri Lanka,approved_auto,source=gemini_candidate
Coolidge Cricket Ground,Antigua,Coolidge Cricket Ground,Coolidge,Antigua and Barbuda,approved_auto,source=gemini_candidate
"Coolidge Cricket Ground, Antigua",Coolidge,Coolidge Cricket Ground,Coolidge,Antigua and Barbuda,approved_auto,source=gemini_candidate
County Ground,Bristol,"County Ground, Bristol",Bristol,England,approved_auto,source=gemini_candidate
County Ground,Chelmsford,"County Ground, Chelmsford",Chelmsford,England,approved_auto,source=gemini_candidate
"County Ground, Chelmsford",,"County Ground, Chelmsford",Chelmsford,England,approved_auto,source=gemini_candidate
County Ground,Derby,"County Ground, Derby",Derby,England,approved_auto,source=gemini_candidate
"County Ground, Derby",Derby,"County Ground, Derby",Derby,England,approved_auto,source=gemini_candidate
County Ground,Hove,"County Ground, Hove",Hove,England,approved_auto,source=gemini_candidate
"County Ground, Hove",Brighton,"County Ground, Hove",Hove,England,approved_auto,source=gemini_candidate
County Ground,Northampton,"County Ground, Northampton",Northampton,England,approved_auto,source=gemini_candidate
"County Ground, Northampton",Northampton,"County Ground, Northampton",Northampton,England,approved_auto,source=gemini_candidate
County Ground,Taunton,"County Ground, Taunton",Taunton,England,approved_auto,source=gemini_candidate
"County Ground, Taunton",Taunton,"County Ground, Taunton",Taunton,England,approved_auto,source=gemini_candidate
"County Ground, New Road, Worcester",Worcester,"County Ground, New Road",Worcester,England,approved_auto,source=gemini_candidate
"Beausejour Stadium, Gros Islet",St Lucia,Daren Sammy National Cricket Stadium,Gros Islet,Saint Lucia,approved_auto,source=gemini_candidate
"Daren Sammy National Cricket Stadium, Gros Islet",St Lucia,Daren Sammy National Cricket Stadium,Gros Islet,Saint Lucia,approved_auto,source=gemini_candidate
"Daren Sammy National Cricket Stadium, Gros Islet, St Lucia",Gros Islet,Daren Sammy National Cricket Stadium,Gros Islet,Saint Lucia,approved_auto,source=gemini_candidate
"Daren Sammy National Cricket Stadium, St Lucia",Gros Islet,Daren Sammy National Cricket Stadium,Gros Islet,Saint Lucia,approved_auto,source=gemini_candidate
"Darren Sammy National Cricket Stadium, Gros Islet",St Lucia,Daren Sammy National Cricket Stadium,Gros Islet,Saint Lucia,approved_auto,source=gemini_candidate
"Darren Sammy National Cricket Stadium, St Lucia",Gros Islet,Daren Sammy National Cricket Stadium,Gros Islet,Saint Lucia,approved_auto,source=gemini_candidate
"De Beers Diamond Oval, Kimberley",Kimberley,De Beers Diamond Oval,Kimberley,South Africa,approved_auto,source=gemini_candidate
Diamond Oval,Kimberley,De Beers Diamond Oval,Kimberley,South Africa,approved_auto,source=gemini_candidate
"Diamond Oval, Kimberley",Kimberley,De Beers Diamond Oval,Kimberley,South Africa,approved_auto,source=gemini_candidate
"Desert Springs Cricket Ground, Almeria",Almeria,Desert Springs Cricket Ground,Almeria,Spain,approved_auto,source=gemini_candidate
"Docklands Stadium, Melbourne",Melbourne,Docklands Stadium,Melbourne,Australia,approved_auto,source=gemini_candidate
Dr DY Patil Sports Academy,Mumbai,Dr DY Patil Sports Academy,Navi Mumbai,India,approved_auto,source=gemini_candidate
"Dr DY Patil Sports Academy, Mumbai",Mumbai,Dr DY Patil Sports Academy,Navi Mumbai,India,approved_auto,source=gemini_candidate
"Dr DY Patil Sports Academy, Mumbai",Navi Mumbai,Dr DY Patil Sports Academy,Navi Mumbai,India,approved_auto,source=gemini_candidate
"Dr DY Patil Sports Academy, Navi Mumbai",Navi Mumbai,Dr DY Patil Sports Academy,Navi Mumbai,India,approved_auto,source=gemini_candidate
Andhra Cricket Association-Visakhapatnam District Cricket Association Stadium,Visakhapatnam,Dr. Y.S. Rajasekhara Reddy ACA-VDCA Cricket Stadium,Visakhapatnam,India,approved_auto,source=gemini_candidate
Dr. Y.S. Rajasekhara Reddy ACA VDCA Cricket Stadium,,Dr. Y.S. Rajasekhara Reddy ACA-VDCA Cricket Stadium,Visakhapatnam,India,approved_auto,source=gemini_candidate
"Dr. Y.S. Rajasekhara Reddy ACA-VDCA Cricket Stadium, Visakhapatnam",Visakhapatnam,Dr. Y.S. Rajasekhara Reddy ACA-VDCA Cricket Stadium,Visakhapatnam,India,approved_auto,source=gemini_candidate
"Drummoyne Oval, Sydney",Sydney,Drummoyne Oval,Sydney,Australia,approved_auto,source=gemini_candidate
Dubai International Cricket Stadium,,Dubai International Cricket Stadium,Dubai,United Arab Emirates,approved_auto,source=gemini_candidate
Dubai Sports City Cricket Stadium,,Dubai International Cricket Stadium,Dubai,United Arab Emirates,approved_auto,source=gemini_candidate
"Eastern Oval, Ballarat",Ballarat,Eastern Oval,Ballarat,Australia,approved_auto,source=gemini_candidate
Eden Gardens,,Eden Gardens,Kolkata,India,approved_auto,source=gemini_candidate
"Eden Gardens, Kolkata",Kolkata,Eden Gardens,Kolkata,India,approved_auto,source=gemini_candidate
Eden Park,,Eden Park,Auckland,New Zealand,approved_auto,source=gemini_candidate
"Eden Park, Auckland",Auckland,Eden Park,Auckland,New Zealand,approved_auto,source=gemini_candidate
"Edgbaston, Birmingham",Birmingham,Edgbaston,Birmingham,England,approved_auto,source=gemini_candidate
Entebbe Cricket Oval,,Entebbe Cricket Oval,Entebbe,Uganda,approved_auto,source=gemini_candidate
"FB Fields, St Clement",St Clement,FB Fields,St Clement,Jersey,approved_auto,source=gemini_candidate
"FTZ Sports Complex (Board of Investment), Katunayake",Katunayake,FTZ Sports Complex (BOI),Katunayake,Sri Lanka,approved_auto,source=gemini_candidate
"Farmers Cricket Club Ground, St Martin",St Martin,Farmers Cricket Club Ground,St Martin,Jersey,approved_auto,source=gemini_candidate
Fitzherbert Park,,Fitzherbert Park,Palmerston North,New Zealand,approved_auto,source=gemini_candidate
"Fitzherbert Park, Palmerston North",Palmerston North,Fitzherbert Park,Palmerston North,New Zealand,approved_auto,source=gemini_candidate
"Forthill, Dundee",Dundee,Forthill,Dundee,Scotland,approved_auto,source=gemini_candidate
"Gaddafi Stadium, Lahore",Lahore,Gaddafi Stadium,Lahore,Pakistan,approved_auto,source=gemini_candidate
"Gahanga International Cricket Stadium, Rwanda",Kigali City,"Gahanga International Cricket Stadium, Rwanda",Kigali City,Rwanda,approved_auto,source=gemini_candidate
Gahanga International Cricket Stadium. Rwanda,Kigali City,"Gahanga International Cricket Stadium, Rwanda",Kigali City,Rwanda,approved_auto,source=gemini_candidate
"Gahanga International Cricket Stadium, Rwanda",,"Gahanga International Cricket Stadium, Rwanda",Kigali City,Rwanda,approved_manual,manual_null_city_fallback
Gahanga International Cricket Stadium. Rwanda,,"Gahanga International Cricket Stadium, Rwanda",Kigali City,Rwanda,approved_manual,manual_null_city_fallback
Galle International Stadium,Galle,Galle International Stadium,Galle,Sri Lanka,approved_auto,source=gemini_candidate
Gliderol Stadium,Adelaide,Gliderol Stadium,Adelaide,Australia,approved_auto,source=gemini_candidate
Goldenacre,Edinburgh,Goldenacre,Edinburgh,Scotland,approved_auto,source=gemini_candidate
Goodyear Park,Bloemfontein,Mangaung Oval,Bloemfontein,South Africa,approved_auto,source=gemini_candidate
"Goodyear Park, Bloemfontein",Bloemfontein,Mangaung Oval,Bloemfontein,South Africa,approved_auto,source=gemini_candidate
"Mangaung Oval, Bloemfontein",Bloemfontein,Mangaung Oval,Bloemfontein,South Africa,approved_auto,source=gemini_candidate
Grace Road,Leicester,Grace Road,Leicester,England,approved_auto,source=gemini_candidate
Grainville,St Saviour,Grainville,St Saviour,Jersey,approved_auto,source=gemini_candidate
"Grainville, St Saviour",St Saviour,Grainville,St Saviour,Jersey,approved_auto,source=gemini_candidate
Grand Prairie Stadium,Dallas,Grand Prairie Stadium,Grand Prairie,United States of America,approved_auto,source=gemini_candidate
"Grand Prairie Stadium, Dallas",Dallas,Grand Prairie Stadium,Grand Prairie,United States of America,approved_auto,source=gemini_candidate
"Grange Cricket Club Ground, Raeburn Place",Edinburgh,"Grange Cricket Club Ground, Raeburn Place",Edinburgh,Scotland,approved_auto,source=gemini_candidate
"Grange Cricket Club Ground, Raeburn Place, Edinburgh",Edinburgh,"Grange Cricket Club Ground, Raeburn Place",Edinburgh,Scotland,approved_auto,source=gemini_candidate
"Grange Cricket Club, Raeburn Place",Edinburgh,"Grange Cricket Club Ground, Raeburn Place",Edinburgh,Scotland,approved_auto,source=gemini_candidate
Green Park,Kanpur,Green Park,Kanpur,India,approved_auto,source=gemini_candidate
"Greenfield International Stadium, Thiruvananthapuram",Thiruvananthapuram,Greenfield International Stadium,Thiruvananthapuram,India,approved_auto,source=gemini_candidate
Greenfield Stadium,Thiruvananthapuram,Greenfield International Stadium,Thiruvananthapuram,India,approved_auto,source=gemini_candidate
"Gymkhana Club Ground, Nairobi",Nairobi,Gymkhana Club Ground,Nairobi,Kenya,approved_auto,source=gemini_candidate
Hagley Oval,Christchurch,Hagley Oval,Christchurch,New Zealand,approved_auto,source=gemini_candidate
"Hagley Oval, Christchurch",Christchurch,Hagley Oval,Christchurch,New Zealand,approved_auto,source=gemini_candidate
Happy Valley Ground,Episkopi,Happy Valley Ground,Episkopi,Cyprus,approved_auto,source=gemini_candidate
Happy Valley Ground 2,Episkopi,Happy Valley Ground,Episkopi,Cyprus,approved_auto,source=gemini_candidate
Harare Sports Club,Harare,Harare Sports Club,Harare,Zimbabwe,approved_auto,source=gemini_candidate
Haslegrave Ground,Loughborough,Haslegrave Ground,Loughborough,England,approved_auto,source=gemini_candidate
Hazelaarweg,Rotterdam,Hazelaarweg,Rotterdam,Netherlands,approved_auto,source=gemini_candidate
Headingley,Leeds,Headingley,Leeds,England,approved_auto,source=gemini_candidate
Himachal Pradesh Cricket Association Stadium,Dharmasala,Himachal Pradesh Cricket Association Stadium,Dharamsala,India,approved_auto,source=gemini_candidate
"Himachal Pradesh Cricket Association Stadium, Dharamsala",Dharamsala,Himachal Pradesh Cricket Association Stadium,Dharamsala,India,approved_auto,source=gemini_candidate
"Holkar Cricket Stadium, Indore",Indore,Holkar Cricket Stadium,Indore,India,approved_auto,source=gemini_candidate
Holkar Stadium,Indore,Holkar Cricket Stadium,Indore,India,approved_auto,source=gemini_candidate
Hong Kong Cricket Club,Wong Nai Chung Gap,Hong Kong Cricket Club,Wong Nai Chung Gap,Hong Kong,approved_auto,source=gemini_candidate
Hong Kong Cricket Club,Wong Nai Chung Gap,Hong Kong Cricket Club,Wong Nai Chung Gap,Hong Kong,approved_auto,source=gemini_candidate
ICC Academy Ground No 2,Dubai,ICC Academy,Dubai,United Arab Emirates,approved_auto,source=gemini_candidate
"ICC Academy Ground No 2, Dubai",Dubai,ICC Academy,Dubai,United Arab Emirates,approved_auto,source=gemini_candidate
ICC Academy Oval 1,Dubai,ICC Academy,Dubai,United Arab Emirates,approved_auto,source=gemini_candidate
ICC Academy Oval 2,Dubai,ICC Academy,Dubai,United Arab Emirates,approved_auto,source=gemini_candidate
"ICC Academy, Dubai",Dubai,ICC Academy,Dubai,United Arab Emirates,approved_auto,source=gemini_candidate
ICC Global Cricket Academy,Dubai,ICC Academy,Dubai,United Arab Emirates,approved_auto,source=gemini_candidate
"Ground 1, Independence Park",Port Vila,Independence Park,Port Vila,Vanuatu,approved_auto,source=gemini_candidate
"Ground 2, Independence Park",Port Vila,Independence Park,Port Vila,Vanuatu,approved_auto,source=gemini_candidate
"Independence Park, Port Vila",Port Vila,Independence Park,Port Vila,Vanuatu,approved_auto,source=gemini_candidate
"Indian Association Ground, Singapore",Singapore,Indian Association Ground,Singapore,Singapore,approved_auto,source=gemini_candidate
"International Sports Stadium, Coffs Harbour",Coffs Harbour,International Sports Stadium,Coffs Harbour,Australia,approved_auto,source=gemini_candidate
Invermay Park,Launceston,Invermay Park,Launceston,Australia,approved_auto,source=gemini_candidate
"Invermay Park, Launceston",Launceston,Invermay Park,Launceston,Australia,approved_auto,source=gemini_candidate
"Iqbal Stadium, Faisalabad",Faisalabad,Iqbal Stadium,Faisalabad,Pakistan,approved_auto,source=gemini_candidate
JSCA International Stadium Complex,Ranchi,JSCA International Stadium Complex,Ranchi,India,approved_auto,source=gemini_candidate
"JSCA International Stadium Complex, Ranchi",Ranchi,JSCA International Stadium Complex,Ranchi,India,approved_auto,source=gemini_candidate
"JU Second Campus, Salt Lake",Kolkata,Jadavpur University Campus,Kolkata,India,approved_auto,source=gemini_candidate
Jadavpur University Campus,Kolkata,Jadavpur University Campus,Kolkata,India,approved_auto,source=gemini_candidate
"Jadavpur University Campus 2nd Ground, Kolkata",Kolkata,Jadavpur University Campus,Kolkata,India,approved_auto,source=gemini_candidate
"Jade Stadium, Christchurch",Christchurch,Jade Stadium,Christchurch,New Zealand,approved_auto,source=gemini_candidate
John Davies Oval,Queenstown,John Davies Oval,Queenstown,New Zealand,approved_auto,source=gemini_candidate
"John Davies Oval, Queenstown",Queenstown,John Davies Oval,Queenstown,New Zealand,approved_auto,source=gemini_candidate
Johor Cricket Academy Oval,Johor,Johor Cricket Academy Oval,Johor,Malaysia,approved_auto,source=gemini_candidate
Johor Cricket Academy Oval,Johor,Johor Cricket Academy Oval,Johor,Malaysia,approved_auto,source=gemini_candidate
"Junction Oval, Melbourne",Melbourne,Junction Oval,Melbourne,Australia,approved_auto,source=gemini_candidate
"Karen Rolton Oval, Adelaide",Adelaide,Karen Rolton Oval,Adelaide,Australia,approved_auto,source=gemini_candidate
Kennington Oval,London,Kennington Oval,London,England,approved_auto,source=gemini_candidate
"Kennington Oval, London",London,Kennington Oval,London,England,approved_auto,source=gemini_candidate
"Kensington Oval, Barbados",Bridgetown,Kensington Oval,Bridgetown,Barbados,approved_auto,source=gemini_candidate
"Kensington Oval, Bridgetown",Barbados,Kensington Oval,Bridgetown,Barbados,approved_auto,source=gemini_candidate
"Kensington Oval, Bridgetown, Barbados",Bridgetown,Kensington Oval,Bridgetown,Barbados,approved_auto,source=gemini_candidate
Kent County Cricket Ground,Beckenham,Kent County Cricket Ground,Beckenham,England,approved_auto,source=gemini_candidate
"Kent County Cricket Ground, Beckenham",Beckenham,Kent County Cricket Ground,Beckenham,England,approved_auto,source=gemini_candidate
King George V Sports Ground,Castel,King George V Sports Ground,Castel,Guernsey,approved_auto,source=gemini_candidate
"King George V Sports Ground, Castel",Castel,King George V Sports Ground,Castel,Guernsey,approved_auto,source=gemini_candidate
"Kingsmead, Durban",Durban,Kingsmead,Durban,South Africa,approved_auto,source=gemini_candidate
"Kinrara Academy Oval, Kuala Lumpur",Kuala Lumpur,Kinrara Academy Oval,Kuala Lumpur,Malaysia,approved_auto,source=gemini_candidate
Kinrara Oval,Kuala Lumpur,Kinrara Academy Oval,Kuala Lumpur,Malaysia,approved_auto,source=gemini_candidate
Koge Cricket Club,Koge,Koge Cricket Club,Koge,Denmark,approved_auto,source=gemini_candidate
Koge Cricket Club 2,Koge,Koge Cricket Club,Koge,Denmark,approved_auto,source=gemini_candidate
"Kyambogo Cricket Ground, Kampala",Kampala,Kyambogo Cricket Oval,Kampala,Uganda,approved_auto,source=gemini_candidate
Lalabhai Contractor Stadium,Surat,Lalbhai Contractor Stadium,Surat,India,approved_auto,source=gemini_candidate
Lalbhai Contractor Stadium,Surat,Lalbhai Contractor Stadium,Surat,India,approved_auto,source=gemini_candidate
Lavington Sports Oval,Albury,Lavington Sports Oval,Albury,Australia,approved_auto,source=gemini_candidate
"Lavington Sports Oval, Albury",Albury,Lavington Sports Oval,Albury,Australia,approved_auto,source=gemini_candidate
"Lilac Hill Park, Perth",Perth,Lilac Hill Park,Perth,Australia,approved_auto,source=gemini_candidate
"Lord's, London",London,Lord's,London,England,approved_auto,source=gemini_candidate
"Lugogo Cricket Oval, Kampala",Kampala,Lugogo Cricket Oval,Kampala,Uganda,approved_auto,source=gemini_candidate
M Chinnaswamy Stadium,Bangalore,M Chinnaswamy Stadium,Bengaluru,India,approved_auto,source=gemini_candidate
"M Chinnaswamy Stadium, Bangalore",Bengaluru,M Chinnaswamy Stadium,Bengaluru,India,approved_auto,source=gemini_candidate
"M Chinnaswamy Stadium, Bengaluru",Bengaluru,M Chinnaswamy Stadium,Bengaluru,India,approved_auto,source=gemini_candidate
M.Chinnaswamy Stadium,Bengaluru,M Chinnaswamy Stadium,Bengaluru,India,approved_auto,source=gemini_candidate
"MA Aziz Stadium, Chittagong",Chattogram,MA Aziz Stadium,Chattogram,Bangladesh,approved_auto,source=gemini_candidate
"MA Chidambaram Stadium, Chepauk",Chennai,MA Chidambaram Stadium,Chennai,India,approved_auto,source=gemini_candidate
"MA Chidambaram Stadium, Chepauk, Chennai",Chennai,MA Chidambaram Stadium,Chennai,India,approved_auto,source=gemini_candidate
"Maharaja Yadavindra Singh International Cricket Stadium, Mullanpur",Mohali,Maharaja Yadavindra Singh International Cricket Stadium,New Chandigarh,India,approved_auto,source=gemini_candidate
"Maharaja Yadavindra Singh International Cricket Stadium, Mullanpur",New Chandigarh,Maharaja Yadavindra Singh International Cricket Stadium,New Chandigarh,India,approved_auto,source=gemini_candidate
"Maharaja Yadavindra Singh International Cricket Stadium, New Chandigarh",New Chandigarh,Maharaja Yadavindra Singh International Cricket Stadium,New Chandigarh,India,approved_auto,source=gemini_candidate
"Maharashtra Cricket Association Stadium, Pune",Pune,Maharashtra Cricket Association Stadium,Pune,India,approved_auto,source=gemini_candidate
"Mahinda Rajapaksa International Cricket Stadium, Sooriyawewa",Hambantota,"Mahinda Rajapaksa International Cricket Stadium, Sooriyawewa",Hambantota,Sri Lanka,approved_auto,source=gemini_candidate
"Mahinda Rajapaksa International Cricket Stadium, Sooriyawewa, Hambantota",Hambantota,"Mahinda Rajapaksa International Cricket Stadium, Sooriyawewa",Hambantota,Sri Lanka,approved_auto,source=gemini_candidate
Mainpower Oval,Rangiora,Mainpower Oval,Rangiora,New Zealand,approved_auto,source=gemini_candidate
"Mainpower Oval, Rangiora",Rangiora,Mainpower Oval,Rangiora,New Zealand,approved_auto,source=gemini_candidate
Malahide,Dublin,Malahide,Dublin,Ireland,approved_auto,source=gemini_candidate
"Malahide, Dublin",Dublin,Malahide,Dublin,Ireland,approved_auto,source=gemini_candidate
Mannofield Park,Aberdeen,Mannofield Park,Aberdeen,Scotland,approved_auto,source=gemini_candidate
"Mannofield Park, Aberdeen",Aberdeen,Mannofield Park,Aberdeen,Scotland,approved_auto,source=gemini_candidate
"Manuka Oval, Canberra",Canberra,Manuka Oval,Canberra,Australia,approved_auto,source=gemini_candidate
"Maple Leaf North-East Ground, King City",King City,Maple Leaf Cricket Club,King City,Canada,approved_auto,source=gemini_candidate
Maple Leaf North-West Ground,King City,Maple Leaf Cricket Club,King City,Canada,approved_auto,source=gemini_candidate
Maple Leaf North-West Ground,Toronto,Maple Leaf Cricket Club,King City,Canada,approved_auto,source=gemini_candidate
"Maple Leaf North-West Ground, King City",King City,Maple Leaf Cricket Club,King City,Canada,approved_auto,source=gemini_candidate
Maple Leaf South-West Ground,King City,Maple Leaf Cricket Club,King City,Canada,approved_auto,source=gemini_candidate
"Marrara Cricket Ground, Darwin",Darwin,Marrara Cricket Ground,Darwin,Australia,approved_auto,source=gemini_candidate
"Marrara Stadium, Darwin",Darwin,Marrara Cricket Ground,Darwin,Australia,approved_auto,source=gemini_candidate
McLean Park,Napier,McLean Park,Napier,New Zealand,approved_auto,source=gemini_candidate
"McLean Park, Napier",Napier,McLean Park,Napier,New Zealand,approved_auto,source=gemini_candidate
Melbourne Cricket Ground,Melbourne,Melbourne Cricket Ground,Melbourne,Australia,approved_auto,source=gemini_candidate
Merchant Taylors' School Ground,Northwood,Merchant Taylors' School Ground,Northwood,England,approved_auto,source=gemini_candidate
"Merchant Taylors' School Ground, Northwood",Northwood,Merchant Taylors' School Ground,Northwood,England,approved_auto,source=gemini_candidate
Merrion Cricket Club Ground,Dublin,Merrion Cricket Club Ground,Dublin,Ireland,approved_auto,source=gemini_candidate
"Merrion Cricket Club Ground, Dublin",Dublin,Merrion Cricket Club Ground,Dublin,Ireland,approved_auto,source=gemini_candidate
"Mission Road Ground, Mong Kok",Hong Kong,Mission Road Ground,Hong Kong,Hong Kong,approved_auto,source=gemini_candidate
"Mission Road Ground, Mong Kok, Hong Kong",Mong Kok,Mission Road Ground,Hong Kong,Hong Kong,approved_auto,source=gemini_candidate
Moara Vlasiei Cricket Ground,Ilfov County,Moara Vlasiei Cricket Ground,Ilfov County,Romania,approved_auto,source=gemini_candidate
"Moara Vlasiei Cricket Ground, Ilfov County",Ilfov County,Moara Vlasiei Cricket Ground,Ilfov County,Romania,approved_auto,source=gemini_candidate
Molyneux Park,Alexandra,Molyneux Park,Alexandra,New Zealand,approved_auto,source=gemini_candidate
Molyneux Park,Alexandra,Molyneux Park,Alexandra,New Zealand,approved_auto,source=gemini_candidate
"Molyneux Park, Alexandra",Alexandra,Molyneux Park,Alexandra,New Zealand,approved_auto,source=gemini_candidate
Multan Cricket Stadium,Multan,Multan Cricket Stadium,Multan,Pakistan,approved_auto,source=gemini_candidate
Nahar Singh Stadium,Faridabad,Nahar Singh Stadium,Faridabad,India,approved_auto,source=gemini_candidate
"Nahar Singh Stadium, Faridabad",Faridabad,Nahar Singh Stadium,Faridabad,India,approved_auto,source=gemini_candidate
"Narendra Modi Stadium Ground 'A', Motera",Ahmedabad,Narendra Modi Stadium,Ahmedabad,India,approved_auto,source=gemini_candidate
"Narendra Modi Stadium, Ahmedabad",Ahmedabad,Narendra Modi Stadium,Ahmedabad,India,approved_auto,source=gemini_candidate
National Cricket Stadium,St George's,National Cricket Stadium,St George's,Grenada,approved_auto,source=gemini_candidate
"National Cricket Stadium, Grenada",St George's,National Cricket Stadium,St George's,Grenada,approved_auto,source=gemini_candidate
"National Cricket Stadium, St George's",Grenada,National Cricket Stadium,St George's,Grenada,approved_auto,source=gemini_candidate
"National Cricket Stadium, St George's, Grenada",St George's,National Cricket Stadium,St George's,Grenada,approved_auto,source=gemini_candidate
National Stadium,Hamilton,National Stadium,Hamilton,Bermuda,approved_auto,source=gemini_candidate
"National Stadium, Hamilton",Hamilton,National Stadium,Hamilton,Bermuda,approved_auto,source=gemini_candidate
"National Stadium, Karachi",Karachi,National Stadium,Karachi,Pakistan,approved_auto,source=gemini_candidate
"Nehru Stadium, Poona",Pune,Nehru Stadium,Pune,India,approved_auto,source=gemini_candidate
Nevill Ground,Tunbridge Wells,Nevill Ground,Tunbridge Wells,England,approved_auto,source=gemini_candidate
"Nevill Ground, Tunbridge Wells",Tunbridge Wells,Nevill Ground,Tunbridge Wells,England,approved_auto,source=gemini_candidate
"New Wanderers Stadium, Johannesburg",Johannesburg,New Wanderers Stadium,Johannesburg,South Africa,approved_auto,source=gemini_candidate
"Newlands, Cape Town",Cape Town,Newlands,Cape Town,South Africa,approved_auto,source=gemini_candidate
Nondescripts Cricket Club Ground,Colombo,Nondescripts Cricket Club Ground,Colombo,Sri Lanka,approved_auto,source=gemini_candidate
"Nondescripts Cricket Club Ground, Colombo",Colombo,Nondescripts Cricket Club Ground,Colombo,Sri Lanka,approved_auto,source=gemini_candidate
North Dalton Park,Wollongong,North Dalton Park,Wollongong,Australia,approved_auto,source=gemini_candidate
"North Dalton Park, Wollongong",Wollongong,North Dalton Park,Wollongong,Australia,approved_auto,source=gemini_candidate
North Marine Road Ground,Scarborough,North Marine Road Ground,Scarborough,England,approved_auto,source=gemini_candidate
"North Marine Road Ground, Scarborough",Scarborough,North Marine Road Ground,Scarborough,England,approved_auto,source=gemini_candidate
North Sydney Oval No.2,Sydney,North Sydney Oval,Sydney,Australia,approved_auto,source=gemini_candidate
"North Sydney Oval, Sydney",Sydney,North Sydney Oval,Sydney,Australia,approved_auto,source=gemini_candidate
"Observatory Lane, Rathmines",Dublin,"Observatory Lane, Rathmines",Dublin,Ireland,approved_auto,source=gemini_candidate
"Observatory Lane, Rathmines, Dublin",Dublin,"Observatory Lane, Rathmines",Dublin,Ireland,approved_auto,source=gemini_candidate
Old Hararians,Harare,Old Hararians Sports Club,Harare,Zimbabwe,approved_auto,source=gemini_candidate
Old Hararians Sports Club,Harare,Old Hararians Sports Club,Harare,Zimbabwe,approved_auto,source=gemini_candidate
"Old Hararians, Harare",Harare,Old Hararians Sports Club,Harare,Zimbabwe,approved_auto,source=gemini_candidate
Old Trafford,Manchester,Old Trafford,Manchester,England,approved_auto,source=gemini_candidate
"Old Trafford, Manchester",Manchester,Old Trafford,Manchester,England,approved_auto,source=gemini_candidate
P Sara Oval,Colombo,P Sara Oval,Colombo,Sri Lanka,approved_auto,source=gemini_candidate
"P Sara Oval, Colombo",Colombo,P Sara Oval,Colombo,Sri Lanka,approved_auto,source=gemini_candidate
P Saravanamuttu Stadium,Colombo,P Sara Oval,Colombo,Sri Lanka,approved_auto,source=gemini_candidate
Pallekele International Cricket Stadium,Kandy,Pallekele International Cricket Stadium,Pallekele,Sri Lanka,approved_auto,source=gemini_candidate
Pallekele International Cricket Stadium,Pallekele,Pallekele International Cricket Stadium,Pallekele,Sri Lanka,approved_auto,source=gemini_candidate
Pallekele International Cricket Stadium,,Pallekele International Cricket Stadium,Pallekele,Sri Lanka,approved_auto,source=gemini_candidate
"Pembroke Cricket Club, Sandymount",Dublin,"Pembroke Cricket Club, Sandymount",Dublin,Ireland,approved_auto,source=gemini_candidate
"Pembroke Cricket Club, Sandymount, Dublin",Dublin,"Pembroke Cricket Club, Sandymount",Dublin,Ireland,approved_auto,source=gemini_candidate
Perth Stadium,Perth,Perth Stadium,Perth,Australia,approved_auto,source=gemini_candidate
Perth Stadium,,Perth Stadium,Perth,Australia,approved_auto,source=gemini_candidate
Providence Stadium,Guyana,Providence Stadium,Providence,Guyana,approved_auto,source=gemini_candidate
"Providence Stadium, Guyana",Providence,Providence Stadium,Providence,Guyana,approved_auto,source=gemini_candidate
Pukekura Park,New Plymouth,Pukekura Park,New Plymouth,New Zealand,approved_auto,source=gemini_candidate
"Pukekura Park, New Plymouth",New Plymouth,Pukekura Park,New Plymouth,New Zealand,approved_auto,source=gemini_candidate
Punjab Cricket Association IS Bindra Stadium,Chandigarh,Punjab Cricket Association IS Bindra Stadium,Mohali,India,approved_auto,source=gemini_candidate
"Punjab Cricket Association IS Bindra Stadium, Mohali",Chandigarh,Punjab Cricket Association IS Bindra Stadium,Mohali,India,approved_auto,source=gemini_candidate
"Punjab Cricket Association IS Bindra Stadium, Mohali",Mohali,Punjab Cricket Association IS Bindra Stadium,Mohali,India,approved_auto,source=gemini_candidate
"Punjab Cricket Association IS Bindra Stadium, Mohali, Chandigarh",Chandigarh,Punjab Cricket Association IS Bindra Stadium,Mohali,India,approved_auto,source=gemini_candidate
"Punjab Cricket Association Stadium, Mohali",Chandigarh,Punjab Cricket Association IS Bindra Stadium,Mohali,India,approved_auto,source=gemini_candidate
"Punjab Cricket Association Stadium, Mohali, Chandigarh",Chandigarh,Punjab Cricket Association IS Bindra Stadium,Mohali,India,approved_auto,source=gemini_candidate
Queen's Park,Chesterfield,"Queen's Park, Chesterfield",Chesterfield,England,approved_auto,source=gemini_candidate
"Queen's Park, Chesterfield",Chesterfield,"Queen's Park, Chesterfield",Chesterfield,England,approved_auto,source=gemini_candidate
Queen's Park,Invercargill,"Queen's Park, Invercargill",Invercargill,New Zealand,approved_auto,source=gemini_candidate
"Queen's Park, Invercargill",Invercargill,"Queen's Park, Invercargill",Invercargill,New Zealand,approved_auto,source=gemini_candidate
Queen's Park Oval,Port of Spain,Queen's Park Oval,Port of Spain,Trinidad and Tobago,approved_auto,source=gemini_candidate
"Queen's Park Oval, Port of Spain",Trinidad,Queen's Park Oval,Port of Spain,Trinidad and Tobago,approved_auto,source=gemini_candidate
"Queen's Park Oval, Port of Spain, Trinidad",Port of Spain,Queen's Park Oval,Port of Spain,Trinidad and Tobago,approved_auto,source=gemini_candidate
"Queen's Park Oval, Trinidad",Port of Spain,Queen's Park Oval,Port of Spain,Trinidad and Tobago,approved_auto,source=gemini_candidate
Queens Sports Club,Bulawayo,Queens Sports Club,Bulawayo,Zimbabwe,approved_auto,source=gemini_candidate
"Queens Sports Club, Bulawayo",Bulawayo,Queens Sports Club,Bulawayo,Zimbabwe,approved_auto,source=gemini_candidate
Queenstown Events Centre,Queenstown,Queenstown Events Centre,Queenstown,New Zealand,approved_auto,source=gemini_candidate
Queenstown Events Centre,,Queenstown Events Centre,Queenstown,New Zealand,approved_auto,source=gemini_candidate
R Premadasa Stadium,Colombo,R Premadasa Stadium,Colombo,Sri Lanka,approved_auto,source=gemini_candidate
"R Premadasa Stadium, Colombo",Colombo,R Premadasa Stadium,Colombo,Sri Lanka,approved_auto,source=gemini_candidate
R.Premadasa Stadium,Colombo,R Premadasa Stadium,Colombo,Sri Lanka,approved_auto,source=gemini_candidate
"R.Premadasa Stadium, Khettarama",Colombo,R Premadasa Stadium,Colombo,Sri Lanka,approved_auto,source=gemini_candidate
Radlett Cricket Club,Radlett,Radlett Cricket Club,Radlett,England,approved_auto,source=gemini_candidate
"Radlett Cricket Club, Radlett",Radlett,Radlett Cricket Club,Radlett,England,approved_auto,source=gemini_candidate
Rajiv Gandhi International Stadium,Hyderabad,Rajiv Gandhi International Stadium,Hyderabad,India,approved_auto,source=gemini_candidate
"Rajiv Gandhi International Stadium, Uppal",Hyderabad,Rajiv Gandhi International Stadium,Hyderabad,India,approved_auto,source=gemini_candidate
"Rajiv Gandhi International Stadium, Uppal, Hyderabad",Hyderabad,Rajiv Gandhi International Stadium,Hyderabad,India,approved_auto,source=gemini_candidate
Rangiri Dambulla International Stadium,Dambulla,Rangiri Dambulla International Stadium,Dambulla,Sri Lanka,approved_auto,source=gemini_candidate
Rangiri Dambulla International Stadium,,Rangiri Dambulla International Stadium,Dambulla,Sri Lanka,approved_auto,source=gemini_candidate
Rawalpindi Cricket Stadium,Rawalpindi,Rawalpindi Cricket Stadium,Rawalpindi,Pakistan,approved_auto,source=gemini_candidate
Rawalpindi Cricket Stadium,,Rawalpindi Cricket Stadium,Rawalpindi,Pakistan,approved_auto,source=gemini_candidate
Riverside Ground,Chester-le-Street,Riverside Ground,Chester-le-Street,England,approved_auto,source=gemini_candidate
"Riverside Ground, Chester-le-Street",Chester-le-Street,Riverside Ground,Chester-le-Street,England,approved_auto,source=gemini_candidate
Royal Chiangmai Golf Club,Chiang Mai,Royal Chiangmai Golf Club,Chiang Mai,Thailand,approved_auto,source=gemini_candidate
Royal Chiangmai Golf Club,,Royal Chiangmai Golf Club,Chiang Mai,Thailand,approved_auto,source=gemini_candidate
Royal Selangor Club,Kuala Lumpur,Royal Selangor Club,Kuala Lumpur,Malaysia,approved_auto,source=gemini_candidate
"Royal Selangor Club, Kuala Lumpur",Kuala Lumpur,Royal Selangor Club,Kuala Lumpur,Malaysia,approved_auto,source=gemini_candidate
Ruaraka Sports Club Ground,Nairobi,Ruaraka Sports Club Ground,Nairobi,Kenya,approved_auto,source=gemini_candidate
"Ruaraka Sports Club Ground, Nairobi",Nairobi,Ruaraka Sports Club Ground,Nairobi,Kenya,approved_auto,source=gemini_candidate
"Sabina Park, Jamaica",Kingston,Sabina Park,Kingston,Jamaica,approved_auto,source=gemini_candidate
"Sabina Park, Kingston",Jamaica,Sabina Park,Kingston,Jamaica,approved_auto,source=gemini_candidate
"Sabina Park, Kingston, Jamaica",Kingston,Sabina Park,Kingston,Jamaica,approved_auto,source=gemini_candidate
Sano International Cricket Ground,Sano,Sano International Cricket Ground,Sano,Japan,approved_auto,source=gemini_candidate
Sano International Cricket Ground,,Sano International Cricket Ground,Sano,Japan,approved_auto,source=gemini_candidate
Sano International Cricket Ground 2,Sano,Sano International Cricket Ground,Sano,Japan,approved_auto,source=gemini_candidate
Sao Fernando Polo and Cricket Club,Seropedica,Sao Fernando Polo and Cricket Club,Seropedica,Brazil,approved_auto,source=gemini_candidate
"Sao Fernando Polo and Cricket Club, Campo Sede",Seropedica,Sao Fernando Polo and Cricket Club,Seropedica,Brazil,approved_auto,source=gemini_candidate
"Sardar Patel (Gujarat) Stadium, Motera",Ahmedabad,Sardar Patel Stadium,Ahmedabad,India,approved_auto,source=gemini_candidate
Sardar Patel Stadium,Ahmedabad,Sardar Patel Stadium,Ahmedabad,India,approved_auto,source=gemini_candidate
"Sardar Patel Stadium, Motera",Ahmedabad,Sardar Patel Stadium,Ahmedabad,India,approved_auto,source=gemini_candidate
Saurashtra Cricket Association Stadium,Rajkot,Saurashtra Cricket Association Stadium,Rajkot,India,approved_auto,source=gemini_candidate
Saurashtra Cricket Association Stadium,,Saurashtra Cricket Association Stadium,Rajkot,India,approved_auto,source=gemini_candidate
"Saurashtra Cricket Association Stadium, Rajkot",Rajkot,Saurashtra Cricket Association Stadium,Rajkot,India,approved_auto,source=gemini_candidate
Sawai Mansingh Stadium,Jaipur,Sawai Mansingh Stadium,Jaipur,India,approved_auto,source=gemini_candidate
"Sawai Mansingh Stadium, Jaipur",Jaipur,Sawai Mansingh Stadium,Jaipur,India,approved_auto,source=gemini_candidate
Saxton Oval,Nelson,Saxton Oval,Nelson,New Zealand,approved_auto,source=gemini_candidate
Saxton Oval,,Saxton Oval,Nelson,New Zealand,approved_auto,source=gemini_candidate
"Saxton Oval, Nelson",Nelson,Saxton Oval,Nelson,New Zealand,approved_auto,source=gemini_candidate
Sedbergh School,Sedbergh,Sedbergh School,Sedbergh,England,approved_auto,source=gemini_candidate
"The Cricket Field, Sedbergh School",Sedbergh,Sedbergh School,Sedbergh,England,approved_auto,source=gemini_candidate
Seddon Park,Hamilton,Seddon Park,Hamilton,New Zealand,approved_auto,source=gemini_candidate
Seddon Park,,Seddon Park,Hamilton,New Zealand,approved_auto,source=gemini_candidate
"Seddon Park, Hamilton",Hamilton,Seddon Park,Hamilton,New Zealand,approved_auto,source=gemini_candidate
Sedgars Park,Potchefstroom,Sedgars Park,Potchefstroom,South Africa,approved_auto,source=gemini_candidate
"Sedgars Park, Potchefstroom",Potchefstroom,Sedgars Park,Potchefstroom,South Africa,approved_auto,source=gemini_candidate
Seebarn Cricket Centre,Lower Austria,Seebarn Cricket Centre,Vienna,Austria,approved_auto,source=gemini_candidate
"Seebarn Cricket Centre, Lower Austria",Lower Austria,Seebarn Cricket Centre,Vienna,Austria,approved_auto,source=gemini_candidate
Selangor Turf Club,Kuala Lumpur,Selangor Turf Club,Kuala Lumpur,Malaysia,approved_auto,source=gemini_candidate
"Selangor Turf Club, Kuala Lumpur",Kuala Lumpur,Selangor Turf Club,Kuala Lumpur,Malaysia,approved_auto,source=gemini_candidate
Senwes Park,Potchefstroom,Senwes Park,Potchefstroom,South Africa,approved_auto,source=gemini_candidate
"Senwes Park, Potchefstroom",Potchefstroom,Senwes Park,Potchefstroom,South Africa,approved_auto,source=gemini_candidate
Shaheed Veer Narayan Singh International Stadium,Raipur,Shaheed Veer Narayan Singh International Stadium,Raipur,India,approved_auto,source=gemini_candidate
Shaheed Veer Narayan Singh International Stadium,,Shaheed Veer Narayan Singh International Stadium,Raipur,India,approved_auto,source=gemini_candidate
"Shaheed Veer Narayan Singh International Stadium, Raipur",Raipur,Shaheed Veer Narayan Singh International Stadium,Raipur,India,approved_auto,source=gemini_candidate
Sharjah Cricket Association Stadium,Sharjah,Sharjah Cricket Stadium,Sharjah,United Arab Emirates,approved_auto,source=gemini_candidate
Sharjah Cricket Stadium,Sharjah,Sharjah Cricket Stadium,Sharjah,United Arab Emirates,approved_auto,source=gemini_candidate
Sharjah Cricket Stadium,,Sharjah Cricket Stadium,Sharjah,United Arab Emirates,approved_auto,source=gemini_candidate
Sheikh Abu Naser Stadium,Khulna,Sheikh Abu Naser Stadium,Khulna,Bangladesh,approved_auto,source=gemini_candidate
"Sheikh Abu Naser Stadium, Khulna",Khulna,Sheikh Abu Naser Stadium,Khulna,Bangladesh,approved_auto,source=gemini_candidate
Sheikh Zayed Stadium,Abu Dhabi,Sheikh Zayed Stadium,Abu Dhabi,United Arab Emirates,approved_auto,source=gemini_candidate
Sheikh Zayed Stadium Nursery 1,Abu Dhabi,Sheikh Zayed Stadium,Abu Dhabi,United Arab Emirates,approved_auto,source=gemini_candidate
Sheikh Zayed Stadium Nursery 2,Abu Dhabi,Sheikh Zayed Stadium,Abu Dhabi,United Arab Emirates,approved_auto,source=gemini_candidate
"Sheikh Zayed Stadium, Abu Dhabi",Abu Dhabi,Sheikh Zayed Stadium,Abu Dhabi,United Arab Emirates,approved_auto,source=gemini_candidate
Sher-e-Bangla National Cricket Stadium,Mirpur,Sher-e-Bangla National Cricket Stadium,Dhaka,Bangladesh,approved_auto,source=gemini_candidate
Shere Bangla National Stadium,Dhaka,Sher-e-Bangla National Cricket Stadium,Dhaka,Bangladesh,approved_auto,source=gemini_candidate
Shere Bangla National Stadium,Mirpur,Sher-e-Bangla National Cricket Stadium,Dhaka,Bangladesh,approved_auto,source=gemini_candidate
"Shere Bangla National Stadium, Mirpur",Dhaka,Sher-e-Bangla National Cricket Stadium,Dhaka,Bangladesh,approved_auto,source=gemini_candidate
"Simonds Stadium, South Geelong",Victoria,"Simonds Stadium, South Geelong",Geelong,Australia,approved_auto,source=gemini_candidate
"Simonds Stadium, South Geelong, Victoria",Geelong,"Simonds Stadium, South Geelong",Geelong,Australia,approved_auto,source=gemini_candidate
Singapore Cricket Club,Padang,Singapore Cricket Club,Singapore,Singapore,approved_auto,source=gemini_candidate
Singapore Cricket Club,Singapore,Singapore Cricket Club,Singapore,Singapore,approved_auto,source=gemini_candidate
Singapore National Cricket Ground,Singapore,Singapore Cricket Club,Singapore,Singapore,approved_auto,source=gemini_candidate
Sinhalese Sports Club,Colombo,Sinhalese Sports Club Ground,Colombo,Sri Lanka,approved_auto,source=gemini_candidate
Sinhalese Sports Club Ground,Colombo,Sinhalese Sports Club Ground,Colombo,Sri Lanka,approved_auto,source=gemini_candidate
"Sinhalese Sports Club Ground, Colombo",Colombo,Sinhalese Sports Club Ground,Colombo,Sri Lanka,approved_auto,source=gemini_candidate
Sir Paul Getty's Ground,Wormsley,Sir Paul Getty's Ground,Wormsley,England,approved_auto,source=gemini_candidate
"Sir Paul Getty's Ground, Wormsley",Wormsley,Sir Paul Getty's Ground,Wormsley,England,approved_auto,source=gemini_candidate
Sir Vivian Richards Stadium,North Sound,Sir Vivian Richards Stadium,North Sound,Antigua and Barbuda,approved_auto,source=gemini_candidate
"Sir Vivian Richards Stadium, Antigua",North Sound,Sir Vivian Richards Stadium,North Sound,Antigua and Barbuda,approved_auto,source=gemini_candidate
"Sir Vivian Richards Stadium, North Sound",Antigua,Sir Vivian Richards Stadium,North Sound,Antigua and Barbuda,approved_auto,source=gemini_candidate
"Sir Vivian Richards Stadium, North Sound",,Sir Vivian Richards Stadium,North Sound,Antigua and Barbuda,approved_auto,source=gemini_candidate
"Sir Vivian Richards Stadium, North Sound, Antigua",North Sound,Sir Vivian Richards Stadium,North Sound,Antigua and Barbuda,approved_auto,source=gemini_candidate
Skarpnack 1,Stockholm,Skarpnack Cricket Ground,Stockholm,Sweden,approved_auto,source=gemini_candidate
Skarpnack 2,Stockholm,Skarpnack Cricket Ground,Stockholm,Sweden,approved_auto,source=gemini_candidate
Sky Stadium,Wellington,Sky Stadium,Wellington,New Zealand,approved_auto,source=gemini_candidate
"Sky Stadium, Wellington",Wellington,Sky Stadium,Wellington,New Zealand,approved_auto,source=gemini_candidate
Sophia Gardens,Cardiff,Sophia Gardens,Cardiff,Wales,approved_auto,source=gemini_candidate
"Sophia Gardens, Cardiff",Cardiff,Sophia Gardens,Cardiff,Wales,approved_auto,source=gemini_candidate
Southend Club Cricket Stadium,Karachi,Southend Club Cricket Stadium,Karachi,Pakistan,approved_auto,source=gemini_candidate
"Southend Club Cricket Stadium, Karachi",Karachi,Southend Club Cricket Stadium,Karachi,Pakistan,approved_auto,source=gemini_candidate
Sportpark Het Schootsveld,Deventer,Sportpark Het Schootsveld,Deventer,Netherlands,approved_auto,source=gemini_candidate
Sportpark Het Schootsveld 2,Deventer,Sportpark Het Schootsveld,Deventer,Netherlands,approved_auto,source=gemini_candidate
"Sportpark Het Schootsveld, Deventer",Deventer,Sportpark Het Schootsveld,Deventer,Netherlands,approved_auto,source=gemini_candidate
Sportpark Maarschalkerweerd,Utrecht,Sportpark Maarschalkerweerd,Utrecht,Netherlands,approved_auto,source=gemini_candidate
"Sportpark Maarschalkerweerd, Utrecht",Utrecht,Sportpark Maarschalkerweerd,Utrecht,Netherlands,approved_auto,source=gemini_candidate
Sportpark Westvliet,The Hague,Sportpark Westvliet,The Hague,Netherlands,approved_auto,source=gemini_candidate
"Sportpark Westvliet, The Hague",The Hague,Sportpark Westvliet,The Hague,Netherlands,approved_auto,source=gemini_candidate
"Sportpark Westvliet, Voorburg",The Hague,Sportpark Westvliet,The Hague,Netherlands,approved_auto,source=gemini_candidate
St George's Park,Port Elizabeth,St George's Park,Gqeberha,South Africa,approved_auto,source=gemini_candidate
"St George's Park, Gqeberha",Gqeberha,St George's Park,Gqeberha,South Africa,approved_auto,source=gemini_candidate
"St George's Park, Port Elizabeth",Gqeberha,St George's Park,Gqeberha,South Africa,approved_auto,source=gemini_candidate
"St George's Park, Port Elizabeth",Port Elizabeth,St George's Park,Gqeberha,South Africa,approved_auto,source=gemini_candidate
St Lawrence Ground,Canterbury,St Lawrence Ground,Canterbury,England,approved_auto,source=gemini_candidate
"St Lawrence Ground, Canterbury",Canterbury,St Lawrence Ground,Canterbury,England,approved_auto,source=gemini_candidate
Stellenbosch University 1,,Stellenbosch University,Stellenbosch,South Africa,approved_auto,source=gemini_candidate
Stellenbosch University 2,,Stellenbosch University,Stellenbosch,South Africa,approved_auto,source=gemini_candidate
SuperSport Park,Centurion,SuperSport Park,Centurion,South Africa,approved_auto,source=gemini_candidate
"SuperSport Park, Centurion",Centurion,SuperSport Park,Centurion,South Africa,approved_auto,source=gemini_candidate
Sydney Cricket Ground,Sydney,Sydney Cricket Ground,Sydney,Australia,approved_auto,source=gemini_candidate
Sydney Cricket Ground,,Sydney Cricket Ground,Sydney,Australia,approved_auto,source=gemini_candidate
Sydney Showground Stadium,Sydney,Sydney Showground Stadium,Sydney,Australia,approved_auto,source=gemini_candidate
Sydney Showground Stadium,,Sydney Showground Stadium,Sydney,Australia,approved_auto,source=gemini_candidate
Sylhet International Cricket Stadium,Sylhet,Sylhet International Cricket Stadium,Sylhet,Bangladesh,approved_auto,source=gemini_candidate
Sylhet International Cricket Stadium,,Sylhet International Cricket Stadium,Sylhet,Bangladesh,approved_auto,source=gemini_candidate
"Sylhet International Cricket Stadium, Academy Ground",Sylhet,Sylhet International Cricket Stadium,Sylhet,Bangladesh,approved_auto,source=gemini_candidate
Sylhet Stadium,Sylhet,Sylhet International Cricket Stadium,Sylhet,Bangladesh,approved_auto,source=gemini_candidate
Sylhet Stadium,,Sylhet International Cricket Stadium,Sylhet,Bangladesh,approved_auto,source=gemini_candidate
Tafawa Balewa Square (TBS) Cricket Oval,,Tafawa Balewa Square Cricket Oval,Lagos,Nigeria,approved_auto,source=gemini_candidate
Tafawa Balewa Square Cricket Oval,Lagos,Tafawa Balewa Square Cricket Oval,Lagos,Nigeria,approved_auto,source=gemini_candidate
"Tafawa Balewa Square Cricket Oval, Lagos",Lagos,Tafawa Balewa Square Cricket Oval,Lagos,Nigeria,approved_auto,source=gemini_candidate
Takashinga Sports Club,Harare,Takashinga Sports Club,Harare,Zimbabwe,approved_auto,source=gemini_candidate
"Takashinga Sports Club, Highfield, Harare",Harare,Takashinga Sports Club,Harare,Zimbabwe,approved_auto,source=gemini_candidate
Ted Summerton Reserve,Moe,Ted Summerton Reserve,Moe,Australia,approved_auto,source=gemini_candidate
"Ted Summerton Reserve, Moe",Moe,Ted Summerton Reserve,Moe,Australia,approved_auto,source=gemini_candidate
Terdthai Cricket Ground,Bangkok,Terdthai Cricket Ground,Bangkok,Thailand,approved_auto,source=gemini_candidate
"Terdthai Cricket Ground, Bangkok",Bangkok,Terdthai Cricket Ground,Bangkok,Thailand,approved_auto,source=gemini_candidate
Thailand Cricket Ground,Bangkok,Terdthai Cricket Ground,Bangkok,Thailand,approved_auto,source=gemini_candidate
The Cooper Associates County Ground,Taunton,The Cooper Associates County Ground,Taunton,England,approved_auto,source=gemini_candidate
"The Cooper Associates County Ground, Taunton",Taunton,The Cooper Associates County Ground,Taunton,England,approved_auto,source=gemini_candidate
The Rose Bowl,Southampton,The Rose Bowl,Southampton,England,approved_auto,source=gemini_candidate
The Rose Bowl (Nursery),Southampton,The Rose Bowl,Southampton,England,approved_auto,source=gemini_candidate
"The Rose Bowl, Southampton",Southampton,The Rose Bowl,Southampton,England,approved_auto,source=gemini_candidate
"The Village, Malahide",Dublin,"The Village, Malahide",Dublin,Ireland,approved_auto,source=gemini_candidate
"The Village, Malahide, Dublin",Dublin,"The Village, Malahide",Dublin,Ireland,approved_auto,source=gemini_candidate
The Vineyard,Dublin,The Vineyard,Dublin,Ireland,approved_auto,source=gemini_candidate
"The Vineyard, Dublin",Dublin,The Vineyard,Dublin,Ireland,approved_auto,source=gemini_candidate
The Wanderers Stadium,Johannesburg,The Wanderers Stadium,Johannesburg,South Africa,approved_auto,source=gemini_candidate
"The Wanderers Stadium, Johannesburg",Johannesburg,The Wanderers Stadium,Johannesburg,South Africa,approved_auto,source=gemini_candidate
Titwood,Glasgow,Titwood,Glasgow,Scotland,approved_auto,source=gemini_candidate
"Titwood, Glasgow",Glasgow,Titwood,Glasgow,Scotland,approved_auto,source=gemini_candidate
Tolerance Oval,Abu Dhabi,Tolerance Oval,Abu Dhabi,United Arab Emirates,approved_auto,source=gemini_candidate
"Tolerance Oval, Abu Dhabi",Abu Dhabi,Tolerance Oval,Abu Dhabi,United Arab Emirates,approved_auto,source=gemini_candidate
Tony Ireland Stadium,Townsville,Tony Ireland Stadium,Townsville,Australia,approved_auto,source=gemini_candidate
"Tony Ireland Stadium, Townsville",Townsville,Tony Ireland Stadium,Townsville,Australia,approved_auto,source=gemini_candidate
Traeger Park,Alice Springs,Traeger Park,Alice Springs,Australia,approved_auto,source=gemini_candidate
"Traeger Park, Alice Springs",Alice Springs,Traeger Park,Alice Springs,Australia,approved_auto,source=gemini_candidate
Trent Bridge,Nottingham,Trent Bridge,Nottingham,England,approved_auto,source=gemini_candidate
"Trent Bridge, Nottingham",Nottingham,Trent Bridge,Nottingham,England,approved_auto,source=gemini_candidate
Tribhuvan University International Cricket Ground,Kirtipur,Tribhuvan University International Cricket Ground,Kirtipur,Nepal,approved_auto,source=gemini_candidate
"Tribhuvan University International Cricket Ground, Kirtipur",Kirtipur,Tribhuvan University International Cricket Ground,Kirtipur,Nepal,approved_auto,source=gemini_candidate
UKM-YSD Cricket Oval,Bangi,UKM-YSD Cricket Oval,Bangi,Malaysia,approved_auto,source=gemini_candidate
"UKM-YSD Cricket Oval, Bangi",Bangi,UKM-YSD Cricket Oval,Bangi,Malaysia,approved_auto,source=gemini_candidate
United Cricket Club Ground,Windhoek,United Cricket Club Ground,Windhoek,Namibia,approved_auto,source=gemini_candidate
"United Cricket Club Ground, Windhoek",Windhoek,United Cricket Club Ground,Windhoek,Namibia,approved_auto,source=gemini_candidate
University Oval,Dunedin,University Oval,Dunedin,New Zealand,approved_auto,source=gemini_candidate
"University Oval, Dunedin",Dunedin,University Oval,Dunedin,New Zealand,approved_auto,source=gemini_candidate
University of Otago Oval,,University Oval,Dunedin,New Zealand,approved_auto,source=gemini_candidate
Uxbridge Cricket Club Ground,Uxbridge,Uxbridge Cricket Club Ground,Uxbridge,England,approved_auto,source=gemini_candidate
Uxbridge Cricket Club Ground,,Uxbridge Cricket Club Ground,Uxbridge,England,approved_auto,source=gemini_candidate
VRA Cricket Ground,Amstelveen,VRA Cricket Ground,Amstelveen,Netherlands,approved_auto,source=gemini_candidate
VRA Ground,Amstelveen,VRA Cricket Ground,Amstelveen,Netherlands,approved_auto,source=gemini_candidate
"VRA Ground, Amstelveen",Amstelveen,VRA Cricket Ground,Amstelveen,Netherlands,approved_auto,source=gemini_candidate
Vanuatu Cricket Ground,Port Vila,Vanuatu Cricket Ground,Port Vila,Vanuatu,approved_auto,source=gemini_candidate
Vanuatu Cricket Ground (Oval 2),Port Vila,Vanuatu Cricket Ground,Port Vila,Vanuatu,approved_auto,source=gemini_candidate
VCA Ground,,"Vidarbha Cricket Association Stadium, Jamtha",Nagpur,India,approved_auto,source=gemini_candidate
Vidarbha C.A. Ground,Nagpur,"Vidarbha Cricket Association Stadium, Jamtha",Nagpur,India,approved_auto,source=gemini_candidate
Vidarbha Cricket Association Ground,Nagpur,"Vidarbha Cricket Association Stadium, Jamtha",Nagpur,India,approved_auto,source=gemini_candidate
"Vidarbha Cricket Association Stadium, Jamtha",Nagpur,"Vidarbha Cricket Association Stadium, Jamtha",Nagpur,India,approved_auto,source=gemini_candidate
"Vidarbha Cricket Association Stadium, Jamtha",,"Vidarbha Cricket Association Stadium, Jamtha",Nagpur,India,approved_auto,source=gemini_candidate
"Vidarbha Cricket Association Stadium, Jamtha, Nagpur",Nagpur,"Vidarbha Cricket Association Stadium, Jamtha",Nagpur,India,approved_auto,source=gemini_candidate
Wanderers,Windhoek,Wanderers Cricket Ground,Windhoek,Namibia,approved_auto,source=gemini_candidate
Wanderers Cricket Ground,Windhoek,Wanderers Cricket Ground,Windhoek,Namibia,approved_auto,source=gemini_candidate
"Wanderers Cricket Ground, Windhoek",Windhoek,Wanderers Cricket Ground,Windhoek,Namibia,approved_auto,source=gemini_candidate
Wankhede Stadium,Mumbai,Wankhede Stadium,Mumbai,India,approved_auto,source=gemini_candidate
Wankhede Stadium,,Wankhede Stadium,Mumbai,India,approved_auto,source=gemini_candidate
"Wankhede Stadium, Mumbai",Mumbai,Wankhede Stadium,Mumbai,India,approved_auto,source=gemini_candidate
"Warner Park, Basseterre",St Kitts,"Warner Park, Basseterre",Basseterre,Saint Kitts and Nevis,approved_auto,source=gemini_candidate
"Warner Park, Basseterre",,"Warner Park, Basseterre",Basseterre,Saint Kitts and Nevis,approved_auto,source=gemini_candidate
"Warner Park, Basseterre, St Kitts",Basseterre,"Warner Park, Basseterre",Basseterre,Saint Kitts and Nevis,approved_auto,source=gemini_candidate
"Warner Park, St Kitts",Basseterre,"Warner Park, Basseterre",Basseterre,Saint Kitts and Nevis,approved_auto,source=gemini_candidate
Welagedara Stadium,Kurunegala,Welagedara Stadium,Kurunegala,Sri Lanka,approved_auto,source=gemini_candidate
"Welagedara Stadium, Kurunegala",Kurunegala,Welagedara Stadium,Kurunegala,Sri Lanka,approved_auto,source=gemini_candidate
West End Park International Cricket Stadium,Doha,West End Park International Cricket Stadium,Doha,Qatar,approved_auto,source=gemini_candidate
"West End Park International Cricket Stadium, Doha",Doha,West End Park International Cricket Stadium,Doha,Qatar,approved_auto,source=gemini_candidate
W.A.C.A. Ground,Perth,Western Australia Cricket Association Ground,Perth,Australia,approved_auto,source=gemini_candidate
Western Australia Cricket Association Ground,Perth,Western Australia Cricket Association Ground,Perth,Australia,approved_auto,source=gemini_candidate
"Western Australia Cricket Association Ground, Perth",Perth,Western Australia Cricket Association Ground,Perth,Australia,approved_auto,source=gemini_candidate
Westpac Stadium,Wellington,Westpac Stadium,Wellington,New Zealand,approved_auto,source=gemini_candidate
Westpac Stadium,,Westpac Stadium,Wellington,New Zealand,approved_auto,source=gemini_candidate
"Westpac Stadium, Wellington",Wellington,Westpac Stadium,Wellington,New Zealand,approved_auto,source=gemini_candidate
Willowmoore Park,Benoni,Willowmoore Park,Benoni,South Africa,approved_auto,source=gemini_candidate
Willowmoore Park A Field,Benoni,Willowmoore Park,Benoni,South Africa,approved_auto,source=gemini_candidate
Willowmoore Park B Field,Benoni,Willowmoore Park,Benoni,South Africa,approved_auto,source=gemini_candidate
Willowmoore Park C Field,Benoni,Willowmoore Park,Benoni,South Africa,approved_auto,source=gemini_candidate
"Willowmoore Park, Benoni",Benoni,Willowmoore Park,Benoni,South Africa,approved_auto,source=gemini_candidate
"Windsor Park, Roseau",Dominica,"Windsor Park, Roseau",Roseau,Dominica,approved_auto,source=gemini_candidate
"Windsor Park, Roseau, Dominica",Roseau,"Windsor Park, Roseau",Roseau,Dominica,approved_auto,source=gemini_candidate
"Wong Cricket Field, Woodley Park",Los Angeles,Woodley Cricket Field,Los Angeles,United States of America,approved_auto,source=gemini_candidate
"Woodley Cricket Field, Los Angeles",Los Angeles,Woodley Cricket Field,Los Angeles,United States of America,approved_auto,source=gemini_candidate
"Wright Cricket Field, Woodley Park",Los Angeles,Woodley Cricket Field,Los Angeles,United States of America,approved_auto,source=gemini_candidate
Yeonhui Cricket Ground,Incheon,Yeonhui Cricket Ground,Incheon,South Korea,approved_auto,source=gemini_candidate
"Yeonhui Cricket Ground, Incheon",Incheon,Yeonhui Cricket Ground,Incheon,South Korea,approved_auto,source=gemini_candidate
Zahur Ahmed Chowdhury Stadium,Chattogram,Zahur Ahmed Chowdhury Stadium,Chattogram,Bangladesh,approved_auto,source=gemini_candidate
Zahur Ahmed Chowdhury Stadium,Chittagong,Zahur Ahmed Chowdhury Stadium,Chattogram,Bangladesh,approved_auto,source=gemini_candidate
"Zahur Ahmed Chowdhury Stadium, Chattogram",Chattogram,Zahur Ahmed Chowdhury Stadium,Chattogram,Bangladesh,approved_auto,source=gemini_candidate
"Zahur Ahmed Chowdhury Stadium, Chittagong",Chattogram,Zahur Ahmed Chowdhury Stadium,Chattogram,Bangladesh,approved_auto,source=gemini_candidate
Zohur Ahmed Chowdhury Stadium,Chittagong,Zahur Ahmed Chowdhury Stadium,Chattogram,Bangladesh,approved_auto,source=gemini_candidate
Zayed Cricket Stadium,Abu Dhabi,Zayed Cricket Stadium,Abu Dhabi,United Arab Emirates,approved_auto,source=gemini_candidate
"Zayed Cricket Stadium, Abu Dhabi",Abu Dhabi,Zayed Cricket Stadium,Abu Dhabi,United Arab Emirates,approved_auto,source=gemini_candidate
F B Colony Ground,Vadodara,Alembic 2  Cricket Ground,Vadodara,India,approved_manual,manual_historical_name_mapping
Alembic No 2 Ground,Vadodara,Alembic 2  Cricket Ground,Vadodara,India,approved_manual,manual_historical_name_mapping
Nelson Park,Napier,Nelson Park,Napier,New Zealand,approved_manual,manual_city_typo_mapping
Reliance Stadium,Vadodara,Reliance Cricket Stadium,Vadodara,India,approved_manual,manual_name_variant_mapping
