venue_id,canonical_venue,canonical_city,canonical_country
ven_000001,"7he Sevens Stadium, Dubai",Dubai,United Arab Emirates
ven_000002,"Abhimanyu Cricket Academy, Dehradun",Dehradun,India
ven_000003,Abu Dhabi Oval 1,Abu Dhabi,United Arab Emirates
ven_000004,Abu Dhabi Oval 2,Abu Dhabi,United Arab Emirates
ven_000005,"ACA Stadium, Barsapara",Barsapara,India
ven_000006,"ACA Stadium,Mangalagiri",Mangalagiri,India
ven_000007,"Achimota Senior Secondary School A Field, Accra",Accra,Ghana
ven_000008,"Achimota Senior Secondary School B Field, Accra",Accra,Ghana
ven_000009,Adelaide Oval,Adelaide,Australia
ven_000010,Adelaide Oval No. 2,Adelaide,Australia
ven_000011,Affies Park,Windhoek,Namibia
ven_000012,Aigburth,Liverpool,England
ven_000013,"Aigburth, Liverpool",Liverpool,England
ven_000014,"Airforce Complex ground, Palam",Delhi,India
ven_000015,"Airforce Complex ground, Palam II",Delhi,India
ven_000016,Al Amerat Cricket Ground Oman Cricket (Ministry Turf 1),Al Amarat,Oman
ven_000017,Al Amerat Cricket Ground Oman Cricket (Ministry Turf 1),Al Amerat,Oman
ven_000018,Al Amerat Cricket Ground Oman Cricket (Ministry Turf 2),Al Amarat,Oman
ven_000019,Al Amerat Cricket Ground Oman Cricket (Ministry Turf 2),Al Amerat,Oman
ven_000020,Al Dhaid Cricket Village,Al Dhaid,United Arab Emirates
ven_000021,Albert Park 1,Suva,Fiji
ven_000022,"Albert Park 1, Suva",Suva,Fiji
ven_000023,Albert Park 2,Suva,Fiji
ven_000024,"Albert Park 2, Suva",Suva,Fiji
ven_000025,Albertslund Cricket Club,Copenhagen,Denmark
ven_000026,Alembic 1 Cricket Ground,Vadodara,India
ven_000027,Alembic 2  Cricket Ground,Vadodara,India
ven_000028,Allan Border Field,Brisbane,Australia
ven_000029,"Allan Border Field, Brisbane",Brisbane,Australia
ven_000030,Alur Cricket Stadium,Alur,India
ven_000031,Alur Cricket Stadium II,Alur,India
ven_000032,Alur Cricket Stadium III,Alur,India
ven_000033,AMI Stadium,Christchurch,New Zealand
ven_000034,Amini Park,Port Moresby,Papua New Guinea
ven_000035,"Amini Park, Port Moresby",Port Moresby,Papua New Guinea
ven_000036,Andhra Cricket Association-Visakhapatnam District Cricket Association Stadium,Visakhapatnam,India
ven_000037,Antigua Recreation Ground,St John's,Antigua and Barbuda
ven_000038,"Antigua Recreation Ground, St John's",St John's,Antigua and Barbuda
ven_000039,"Antigua Recreation Ground, St John's, Antigua",St John's,Antigua and Barbuda
ven_000040,Arbab Niaz Stadium,Peshawar,Pakistan
ven_000041,"Army Ground, Panagoda",Panagoda,Sri Lanka
ven_000042,Arnos Vale Ground,Kingstown,Saint Vincent and the Grenadines
ven_000043,"Arnos Vale Ground, Kingstown",Kingstown,Saint Vincent and the Grenadines
ven_000044,"Arnos Vale Ground, Kingstown, St Vincent",Kingstown,Saint Vincent and the Grenadines
ven_000045,Arun Jaitley Stadium,Delhi,India
ven_000046,"Arun Jaitley Stadium, Delhi",Delhi,India
ven_000047,Arundel Castle Cricket Club Ground,Arundel,England
ven_000048,Asgiriya Stadium,Kandy,Sri Lanka
ven_000049,Ashlyns Road,Frinton-on-Sea,England
ven_000050,Asian Institute of Technology Ground,Bangkok,Thailand
ven_000051,"Asian Institute of Technology Ground, Bangkok",Bangkok,Thailand
ven_000052,Aurora Stadium,Launceston,Australia
ven_000053,"Aurora Stadium, Launceston",Launceston,Australia
ven_000054,"Ballpark Ground, Graz",Graz,Austria
ven_000055,Bangabandhu National Stadium,Dhaka,Bangladesh
ven_000056,"Bangabandhu National Stadium, Dhaka",Dhaka,Bangladesh
ven_000057,Bankstown Oval,Sydney,Australia
ven_000058,"Bankstown Oval, Sydney",Sydney,Australia
ven_000059,Barabati Stadium,Cuttack,India
ven_000060,"Barabati Stadium, Cuttack",Cuttack,India
ven_000061,Barsapara Cricket Stadium,Guwahati,India
ven_000062,"Barsapara Cricket Stadium, Guwahati",Guwahati,India
ven_000063,Basin Reserve,Wellington,New Zealand
ven_000064,"Basin Reserve, Wellington",Wellington,New Zealand
ven_000065,Bay Oval,Mount Maunganui,New Zealand
ven_000066,"Bay Oval, Mount Maunganui",Mount Maunganui,New Zealand
ven_000067,Bayer Uerdingen Cricket Ground,Krefeld,Germany
ven_000068,Bayuemas Oval,Kuala Lumpur,Malaysia
ven_000069,"Bayuemas Oval, Kuala Lumpur",Kuala Lumpur,Malaysia
ven_000070,"Beausejour Stadium, Gros Islet",Gros Islet,Saint Lucia
ven_000071,"Belgrano Athletic Club Ground, Buenos Aires",Buenos Aires,Argentina
ven_000072,Bellerive Oval,Hobart,Australia
ven_000073,"Bellerive Oval, Hobart",Hobart,Australia
ven_000074,Bermuda National Stadium,Hamilton,Bermuda
ven_000075,Bert Sutcliffe Oval,Lincoln,New Zealand
ven_000076,"Bert Sutcliffe Oval, Lincoln",Lincoln,New Zealand
ven_000077,Bharat Ratna Shri Atal Bihari Vajpai Ekana Cricket Stadium,Lucknow,India
ven_000078,Bharat Ratna Shri Atal Bihari Vajpayee Ekana Cricket Stadium,Lucknow,India
ven_000079,Bharat Ratna Shri Atal Bihari Vajpayee Ekana Cricket Stadium B,Lucknow,India
ven_000080,"Bharat Ratna Shri Atal Bihari Vajpayee Ekana Cricket Stadium, Lucknow",Lucknow,India
ven_000081,"Bir Sreshtho Flight Lieutenant Matiur Rahman Stadium, Chattogram",Chattogram,Bangladesh
ven_000082,BKC Ground,Mumbai,India
ven_000083,Blacktown International Sportspark,Sydney,Australia
ven_000084,"Blacktown International Sportspark, Sydney",Sydney,Australia
ven_000085,"Bloomfield Cricket and Athletic Club Ground, Colombo",Colombo,Sri Lanka
ven_000086,Boland Bank Park,Paarl,South Africa
ven_000087,"Boland Bank Park, Paarl",Paarl,South Africa
ven_000088,Boland Park,Paarl,South Africa
ven_000089,"Boland Park, Paarl",Paarl,South Africa
ven_000090,"Botkyrka Cricket Center, Stockholm",Stockholm,Sweden
ven_000091,Botswana Cricket Association Oval 1,Gaborone,Botswana
ven_000092,"Botswana Cricket Association Oval 1, Gaborone",Gaborone,Botswana
ven_000093,Botswana Cricket Association Oval 2,Gaborone,Botswana
ven_000094,"Botswana Cricket Association Oval 2, Gaborone",Gaborone,Botswana
ven_000095,"Boughton Hall Cricket Club Ground, Chester",Chester,England
ven_000096,Brabourne Stadium,Mumbai,India
ven_000097,"Brabourne Stadium, Mumbai",Mumbai,India
ven_000098,Bradman Oval,Bowral,Australia
ven_000099,"Bradman Oval, Bowral",Bowral,Australia
ven_000100,Bready,Derry,Northern Ireland
ven_000101,"Bready Cricket Club, Magheramason",Bready,Northern Ireland
ven_000102,"Bready Cricket Club, Magheramason",Londonderry,Northern Ireland
ven_000103,"Bready Cricket Club, Magheramason, Bready",Bready,Northern Ireland
ven_000104,"Brian Lara Stadium, Tarouba",Tarouba,Trinidad and Tobago
ven_000105,"Brian Lara Stadium, Tarouba, Trinidad",Tarouba,Trinidad and Tobago
ven_000106,Brisbane Cricket Ground,Brisbane,Australia
ven_000107,"Brisbane Cricket Ground, Woolloongabba",Brisbane,Australia
ven_000108,"Brisbane Cricket Ground, Woolloongabba, Brisbane",Brisbane,Australia
ven_000109,"Brunton Memorial Ground, Radlett",Radlett,England
ven_000110,Buffalo Park,East London,South Africa
ven_000111,"Buffalo Park, East London",East London,South Africa
ven_000112,Bulawayo Athletic Club,Bulawayo,Zimbabwe
ven_000113,"Bundaberg Rum Stadium, Cairns",Cairns,Australia
ven_000114,"Burgher Recreation Club Ground, Colombo",Colombo,Sri Lanka
ven_000115,C B Patel Ground,Surat,India
ven_000116,Camberwell Sports Ground,Melbourne,Australia
ven_000117,Cambusdoon New Ground,Ayr,Scotland
ven_000118,"Cambusdoon New Ground, Ayr",Ayr,Scotland
ven_000119,"Campbell Park, Milton Keynes",Milton Keynes,England
ven_000120,Canterbury Park,Bendigo,Australia
ven_000121,Captain Roop Singh Stadium,Gwalior,India
ven_000122,"Captain Roop Singh Stadium, Gwalior",Gwalior,India
ven_000123,Carisbrook,Dunedin,New Zealand
ven_000124,Carrara Oval,Carrara,Australia
ven_000125,"Casey Fields No 4, Melbourne",Melbourne,Australia
ven_000126,Casey Fields No. 4,Melbourne,Australia
ven_000127,Castle Avenue,Dublin,Ireland
ven_000128,"Castle Avenue, Dublin",Dublin,Ireland
ven_000129,Castle Park Cricket Ground,Colchester,England
ven_000130,"Castle Park Cricket Ground, Colchester",Colchester,England
ven_000131,Cazaly's Stadium,Cairns,Australia
ven_000132,"Cazaly's Stadium, Cairns",Cairns,Australia
ven_000133,Cello Basin Reserve,Wellington,New Zealand
ven_000134,Central Broward Regional Park Stadium Turf Ground,Lauderhill,United States of America
ven_000135,"Central Broward Regional Park Stadium Turf Ground, Lauderhill",Lauderhill,United States of America
ven_000136,"Centre for Cricket Development Ground, Windhoek",Windhoek,Namibia
ven_000137,Centro Sportivo Ca'Nova,Medicina,Italy
ven_000138,Centro Sportivo Dozza,Navile,Italy
ven_000139,Chaudhry Bansi Lal Cricket Stadium,Lahli,India
ven_000140,"Chester Road North Ground, Kidderminster",Kidderminster,England
ven_000141,Chevrolet Park,Bloemfontein,South Africa
ven_000142,"Chevrolet Park, Bloemfontein",Bloemfontein,South Africa
ven_000143,Chilaw Marians Cricket Club Ground,Katunayake,Sri Lanka
ven_000144,Chittagong Divisional Stadium,Chattogram,Bangladesh
ven_000145,"Choice Moosa Stadium, Pearland",Pearland,United States of America
ven_000146,"Church of Ireland Young Men's Society Cricket Club Ground, Belfast",Belfast,Northern Ireland
ven_000147,Church Street Park,Morrisville,United States of America
ven_000148,"Church Street Park, Morrisville",Morrisville,United States of America
ven_000149,City Oval,Pietermaritzburg,South Africa
ven_000150,"City Oval, Pietermaritzburg",Pietermaritzburg,South Africa
ven_000151,"Civil Service Cricket Club, Stormont",Belfast,Northern Ireland
ven_000152,"Civil Service Cricket Club, Stormont, Belfast",Belfast,Northern Ireland
ven_000153,"Clayton Panama, Panama City",Panama City,Panama
ven_000154,"Clifton Park Ground, York",York,England
ven_000155,Clontarf Cricket Club Ground,Dublin,Ireland
ven_000156,"Clontarf Cricket Club Ground, Dublin",Dublin,Ireland
ven_000157,Cobham Oval,Whangarei,New Zealand
ven_000158,Cobham Oval (New),Whangarei,New Zealand
ven_000159,"Cobham Oval (New), Whangarei",Whangarei,New Zealand
ven_000160,"Cobham Oval, Whangarei",Whangarei,New Zealand
ven_000161,Colin Maiden Park,Auckland,New Zealand
ven_000162,"Colin Maiden Park, Auckland",Auckland,New Zealand
ven_000163,College Field,St Peter Port,Guernsey
ven_000164,"College Field, St Peter Port",St Peter Port,Guernsey
ven_000165,College Ground,Cheltenham,England
ven_000166,"College Ground, Cheltenham",Cheltenham,England
ven_000167,Colombo Cricket Club Ground,Colombo,Sri Lanka
ven_000168,Colts Cricket Club Ground,Colombo,Sri Lanka
ven_000169,"Colts Cricket Club Ground, Colombo",Colombo,Sri Lanka
ven_000170,Colwyn Bay Cricket Club Ground,Colwyn Bay,Wales
ven_000171,Coolidge Cricket Ground,Coolidge,Antigua and Barbuda
ven_000172,"Coolidge Cricket Ground, Antigua",Coolidge,Antigua and Barbuda
ven_000173,County Ground,Bristol,England
ven_000174,County Ground,Chelmsford,England
ven_000175,County Ground,Derby,England
ven_000176,County Ground,Hove,England
ven_000177,County Ground,Northampton,England
ven_000178,County Ground,Taunton,England
ven_000179,"County Ground, Bristol",Bristol,England
ven_000180,"County Ground, Chelmsford",Chelmsford,England
ven_000181,"County Ground, Derby",Derby,England
ven_000182,"County Ground, Hove",Hove,England
ven_000183,"County Ground, New Road",Worcester,England
ven_000184,"County Ground, New Road, Worcester",Worcester,England
ven_000185,"County Ground, Northampton",Northampton,England
ven_000186,"County Ground, Taunton",Taunton,England
ven_000187,"Cricket Central, Sydney",Sydney,Australia
ven_000188,Cricket Field Lane,Bishop's Stortford,England
ven_000189,"Cricket Field Road Ground, Horsham",Horsham,England
ven_000190,"Cricket Stadium, Sector-16",Chandigarh,India
ven_000191,Daren Sammy National Cricket Stadium,Gros Islet,Saint Lucia
ven_000192,"Daren Sammy National Cricket Stadium, Gros Islet",Gros Islet,Saint Lucia
ven_000193,"Daren Sammy National Cricket Stadium, Gros Islet, St Lucia",Gros Islet,Saint Lucia
ven_000194,"Daren Sammy National Cricket Stadium, St Lucia",Gros Islet,Saint Lucia
ven_000195,"Darren Sammy National Cricket Stadium, Gros Islet",Gros Islet,Saint Lucia
ven_000196,"Darren Sammy National Cricket Stadium, St Lucia",Gros Islet,Saint Lucia
ven_000197,"Davies Park, Queenstown",Queenstown,New Zealand
ven_000198,De Beers Diamond Oval,Kimberley,South Africa
ven_000199,"De Beers Diamond Oval, Kimberley",Kimberley,South Africa
ven_000200,"De Zoysa Stadium, Moratuwa",Moratuwa,Sri Lanka
ven_000201,Desert Springs Cricket Ground,Almeria,Spain
ven_000202,"Desert Springs Cricket Ground, Almeria",Almeria,Spain
ven_000203,Diamond Oval,Kimberley,South Africa
ven_000204,"Diamond Oval, Kimberley",Kimberley,South Africa
ven_000205,Docklands Stadium,Melbourne,Australia
ven_000206,"Docklands Stadium, Melbourne",Melbourne,Australia
ven_000207,Dower Park,Bendigo,Australia
ven_000208,Dr DY Patil Sports Academy,Mumbai,India
ven_000209,"Dr DY Patil Sports Academy, Mumbai",Mumbai,India
ven_000210,"Dr DY Patil Sports Academy, Mumbai",Navi Mumbai,India
ven_000211,"Dr DY Patil Sports Academy, Navi Mumbai",Navi Mumbai,India
ven_000212,Dr P.V.G. Raju ACA Sports Complex,Vizianagaram,India
ven_000213,"Dr. Gokaraju Laila Ganga Raju ACA Cricket Complex -CP Ground,Mulapadu",Mulapadu,India
ven_000214,"Dr. Gokaraju Laila Ganga Raju ACA Cricket Complex -DVR Ground,Mulapadu",Mulapadu,India
ven_000215,Dr. Y.S. Rajasekhara Reddy ACA VDCA Cricket Stadium,Visakhapatnam,India
ven_000216,Dr. Y.S. Rajasekhara Reddy ACA-VDCA Cricket Stadium,Visakhapatnam,India
ven_000217,"Dr. Y.S. Rajasekhara Reddy ACA-VDCA Cricket Stadium, Visakhapatnam",Visakhapatnam,India
ven_000218,Dreux Sport Cricket Club,Dreux,France
ven_000219,DRIEMS Ground,Cuttack,India
ven_000220,Drummoyne Oval,Sydney,Australia
ven_000221,"Drummoyne Oval, Sydney",Sydney,Australia
ven_000222,Dubai International Cricket Stadium,Dubai,United Arab Emirates
ven_000223,Dubai Sports City Cricket Stadium,Dubai,United Arab Emirates
ven_000224,Eastern Oval,Ballarat,Australia
ven_000225,"Eastern Oval, Ballarat",Ballarat,Australia
ven_000226,Eden Gardens,Kolkata,India
ven_000227,"Eden Gardens, Kolkata",Kolkata,India
ven_000228,Eden Park,Auckland,New Zealand
ven_000229,Eden Park No 2,Auckland,New Zealand
ven_000230,"Eden Park No 2, Auckland",Auckland,New Zealand
ven_000231,Eden Park Outer Oval,Auckland,New Zealand
ven_000232,"Eden Park Outer Oval, Auckland",Auckland,New Zealand
ven_000233,"Eden Park, Auckland",Auckland,New Zealand
ven_000234,Edgbaston,Birmingham,England
ven_000235,"Edgbaston Foundation Community Sports Ground, Birmingham",Birmingham,England
ven_000236,"Edgbaston, Birmingham",Birmingham,England
ven_000237,"Ekeberg Cricket Ground 1, Oslo",Oslo,Norway
ven_000238,"Ekeberg Cricket Ground 2, Oslo",Oslo,Norway
ven_000239,Emerald Heights International School Ground,Indore,India
ven_000240,"Enborne Lodge, Newbury",Newbury,England
ven_000241,Entebbe Cricket Oval,Entebbe,Uganda
ven_000242,Estonian National Cricket and Rugby Field,Tallinn,Estonia
ven_000243,Europa Sports Complex,Gibraltar,Gibraltar
ven_000244,F B Colony Ground,Vadodara,India
ven_000245,Faleata Oval No 1,Apia,Samoa
ven_000246,Faleata Oval No 2,Apia,Samoa
ven_000247,"Faleata Oval No 2, Apia",Apia,Samoa
ven_000248,Faleata Oval No 3,Apia,Samoa
ven_000249,Farmers Cricket Club Ground,St Martin,Jersey
ven_000250,"Farmers Cricket Club Ground, St Martin",St Martin,Jersey
ven_000251,FB Fields,St Clement,Jersey
ven_000252,"FB Fields, St Clement",St Clement,Jersey
ven_000253,Feroz Shah Kotla,Delhi,India
ven_000254,Fitzherbert Park,Palmerston North,New Zealand
ven_000255,"Fitzherbert Park, Palmerston North",Palmerston North,New Zealand
ven_000256,Forthill,Dundee,Scotland
ven_000257,"Forthill, Dundee",Dundee,Scotland
ven_000258,"FP Fenner's Ground, Cambridge",Cambridge,England
ven_000259,Friendship Oval,Dasmarinas,Philippines
ven_000260,"FTZ Sports Complex (Board of Investment), Katunayake",Katunayake,Sri Lanka
ven_000261,FTZ Sports Complex (BOI),Katunayake,Sri Lanka
ven_000262,Gaddafi Stadium,Lahore,Pakistan
ven_000263,"Gaddafi Stadium, Lahore",Lahore,Pakistan
ven_000264,"Gahanga B Ground, Rwanda",Kigali City,Rwanda
ven_000265,"Gahanga International Cricket Stadium, Rwanda",Kigali City,Rwanda
ven_000266,Gahanga International Cricket Stadium. Rwanda,Kigali,Rwanda
ven_000267,Gahanga International Cricket Stadium. Rwanda,Kigali City,Rwanda
ven_000268,Galle International Stadium,Galle,Sri Lanka
ven_000269,Garon Park,Southend-on-Sea,England
ven_000270,"GB Oval, Szodliget",Szodliget,Hungary
ven_000271,Geelong Cricket Ground,Geelong,Australia
ven_000272,Gelephu International Cricket Ground,Gelephu,Bhutan
ven_000273,Gliderol Stadium,Adelaide,Australia
ven_000274,"Gliderol Stadium, Adelaide",Adelaide,Australia
ven_000275,"GMHBA Stadium, South Geelong, Victoria",Geelong,Australia
ven_000276,Gokaraju Liala Gangaaraju ACA Cricket Ground,Vijayawada,India
ven_000277,Goldenacre,Edinburgh,Scotland
ven_000278,"Goldenacre, Edinburgh",Edinburgh,Scotland
ven_000279,Goodyear Park,Bloemfontein,South Africa
ven_000280,"Goodyear Park, Bloemfontein",Bloemfontein,South Africa
ven_000281,"Gorse Lane, Grantham",Grantham,England
ven_000282,Grace Road,Leicester,England
ven_000283,"Grace Road, Leicester",Leicester,England
ven_000284,Grainville,St Saviour,Jersey
ven_000285,"Grainville, St Saviour",St Saviour,Jersey
ven_000286,"Grainville, St Saviour, Jersey",St Saviour,Jersey
ven_000287,Grand Prairie Stadium,Dallas,United States of America
ven_000288,Grand Prairie Stadium,Grand Prairie,United States of America
ven_000289,"Grand Prairie Stadium, Dallas",Dallas,United States of America
ven_000290,"Grange Cricket Club Ground, Raeburn Place",Edinburgh,Scotland
ven_000291,"Grange Cricket Club Ground, Raeburn Place, Edinburgh",Edinburgh,Scotland
ven_000292,"Grange Cricket Club, Raeburn Place",Edinburgh,Scotland
ven_000293,"Great Barrier Reef Arena, Mackay",Mackay,Australia
ven_000294,Green Park,Kanpur,India
ven_000295,"Green Park, Kanpur",Kanpur,India
ven_000296,Greenfield International Stadium,Thiruvananthapuram,India
ven_000297,"Greenfield International Stadium, Thiruvananthapuram",Thiruvananthapuram,India
ven_000298,Greenfield Stadium,Thiruvananthapuram,India
ven_000299,"Ground 1, Independence Park",Port Vila,Vanuatu
ven_000300,"Ground 2, Independence Park",Port Vila,Vanuatu
ven_000301,"GSSS, Sector 26",Chandigarh,India
ven_000302,Guanggong International Cricket Stadium,Guangzhou,China
ven_000303,Gucherre Cricket Ground,Albergaria,Portugal
ven_000304,"Guernsey Rovers Athletic Club Ground, Port Soif",Port  Soif,Guernsey
ven_000305,"Guildford Bason, Merrow Down",Guildford,England
ven_000306,Gurugram Cricket Ground (SRNCC),Gurugram,India
ven_000307,Guttsta Wicked Cricket Club,Kolsva,Sweden
ven_000308,"Guyana National Stadium, Providence",Providence,Guyana
ven_000309,Gymkhana Club,Chiang Mai,Thailand
ven_000310,Gymkhana Club Ground,Nairobi,Kenya
ven_000311,"Gymkhana Club Ground, Dar-es-Salaam",Dar-es-Salaam,Tanzania
ven_000312,"Gymkhana Club Ground, Nairobi",Nairobi,Kenya
ven_000313,Hagley Oval,Christchurch,New Zealand
ven_000314,"Hagley Oval, Christchurch",Christchurch,New Zealand
ven_000315,Happy Valley Ground,Episkopi,Cyprus
ven_000316,Happy Valley Ground 2,Episkopi,Cyprus
ven_000317,Harare Sports Club,Harare,Zimbabwe
ven_000318,Hare Field,Coggeshall,England
ven_000319,Harlequins,Pretoria,South Africa
ven_000320,Harrup Park,Mackay,Australia
ven_000321,"Harry Barker Reserve, Gisborne",Gisborne,New Zealand
ven_000322,Haslegrave Ground,Loughborough,England
ven_000323,"Haslegrave Ground, Loughborough",Loughborough,England
ven_000324,Hazelaarweg,Rotterdam,Netherlands
ven_000325,"Hazelaarweg, Rotterdam",Rotterdam,Netherlands
ven_000326,Headingley,Leeds,England
ven_000327,"Headingley, Leeds",Leeds,England
ven_000328,"High Performance Oval, Windhoek",Windhoek,Namibia
ven_000329,Himachal Pradesh Cricket Association Stadium,Dharamsala,India
ven_000330,"Himachal Pradesh Cricket Association Stadium, Dharamsala",Dharamsala,India
ven_000331,Holkar Cricket Stadium,Indore,India
ven_000332,"Holkar Cricket Stadium, Indore",Indore,India
ven_000333,Holkar Stadium,Indore,India
ven_000334,Hong Kong Cricket Club,Wong Nai Chung Gap,Hong Kong
ven_000335,Howell Oval,Sydney,Australia
ven_000336,"Hurlingham Club Ground, Buenos Aires",Buenos Aires,Argentina
ven_000337,Hurstville Oval,Sydney,Australia
ven_000338,IC-Gurunanak College Ground,Chennai,India
ven_000339,ICC Academy,Dubai,United Arab Emirates
ven_000340,ICC Academy Ground No 2,Dubai,United Arab Emirates
ven_000341,"ICC Academy Ground No 2, Dubai",Dubai,United Arab Emirates
ven_000342,ICC Academy Oval 1,Dubai,United Arab Emirates
ven_000343,ICC Academy Oval 2,Dubai,United Arab Emirates
ven_000344,"ICC Academy, Dubai",Dubai,United Arab Emirates
ven_000345,ICC Global Cricket Academy,Dubai,United Arab Emirates
ven_000346,"Independence Park, Port Vila",Port Vila,Vanuatu
ven_000347,Indian Association Ground,Singapore,Singapore
ven_000348,"Indian Association Ground, Singapore",Singapore,Singapore
ven_000349,Indian Petrochemicals Corporation Limited Sports Complex Ground,Vadodara,India
ven_000350,"Instonians Cricket Club, Shaw's Bridge Lower Ground, Belfast",Belfast,Northern Ireland
ven_000351,Integrated Polytechnic Regional Centre,Kigali City,Rwanda
ven_000352,International Sports Stadium,Coffs Harbour,Australia
ven_000353,"International Sports Stadium, Coffs Harbour",Coffs Harbour,Australia
ven_000354,Invermay Park,Launceston,Australia
ven_000355,"Invermay Park, Launceston",Launceston,Australia
ven_000356,Iqbal Stadium,Faisalabad,Pakistan
ven_000357,"Iqbal Stadium, Faisalabad",Faisalabad,Pakistan
ven_000358,"Ishoj Cricket Club, Vejledalen",Ishoj,Denmark
ven_000359,Jadavpur University Campus,Kolkata,India
ven_000360,"Jadavpur University Campus 2nd Ground, Kolkata",Kolkata,India
ven_000361,Jade Stadium,Christchurch,New Zealand
ven_000362,"Jade Stadium, Christchurch",Christchurch,New Zealand
ven_000363,Jaffery Sports Club Ground,Nairobi,Kenya
ven_000364,Jawaharlal Nehru Stadium,New Delhi,India
ven_000365,"Jimmy Powell Oval, Cayman Islands",George Town,Cayman Islands
ven_000366,Jinja Cricket Ground,Jinja,Uganda
ven_000367,John Davies Oval,Queenstown,New Zealand
ven_000368,"John Davies Oval, Queenstown",Queenstown,New Zealand
ven_000369,Johor Cricket Academy Oval,Johor,Malaysia
ven_000370,JSCA International Stadium Complex,Ranchi,India
ven_000371,"JSCA International Stadium Complex, Ranchi",Ranchi,India
ven_000372,"JU Second Campus, Salt Lake",Kolkata,India
ven_000373,"Jubilee Park, Ringwood, Melbourne",Melbourne,Australia
ven_000374,Junction Oval,Melbourne,Australia
ven_000375,"Junction Oval, Melbourne",Melbourne,Australia
ven_000376,Kaizuka Cricket Ground,Osaka,Japan
ven_000377,Kallang Ground,Singapore,Singapore
ven_000378,Karen Rolton Oval,Adelaide,Australia
ven_000379,"Karen Rolton Oval, Adelaide",Adelaide,Australia
ven_000380,"Karori Park, Wellington",Wellington,New Zealand
ven_000381,Keenan Stadium,Jamshedpur,India
ven_000382,Kennards Hire Community Oval,Sydney,Australia
ven_000383,Kennington Oval,London,England
ven_000384,"Kennington Oval, London",London,England
ven_000385,Kensington Oval,Bridgetown,Barbados
ven_000386,"Kensington Oval, Barbados",Bridgetown,Barbados
ven_000387,"Kensington Oval, Bridgetown",Bridgetown,Barbados
ven_000388,"Kensington Oval, Bridgetown, Barbados",Bridgetown,Barbados
ven_000389,Kent County Cricket Ground,Beckenham,England
ven_000390,"Kent County Cricket Ground, Beckenham",Beckenham,England
ven_000391,Kerava National Cricket Ground,Kerava,Finland
ven_000392,Kerrydale Oval,Gold Coast,Australia
ven_000393,Khan Shaheb Osman Ali Stadium,Fatullah,Bangladesh
ven_000394,Khettarama Stadium,Colombo,Sri Lanka
ven_000395,Kibworth Cricket Club Ground,Kibworth,England
ven_000396,Kibworth Cricket Club New Ground,Kibworth,England
ven_000397,King George V Sports Ground,Castel,Guernsey
ven_000398,"King George V Sports Ground, Castel",Castel,Guernsey
ven_000399,Kingsmead,Durban,South Africa
ven_000400,"Kingsmead, Durban",Durban,South Africa
ven_000401,"Kingston Twin Ovals, Hobart",Hobart,Australia
ven_000402,Kinrara Academy Oval,Kuala Lumpur,Malaysia
ven_000403,"Kinrara Academy Oval, Kuala Lumpur",Kuala Lumpur,Malaysia
ven_000404,Kinrara Oval,Kuala Lumpur,Malaysia
ven_000405,Koge Cricket Club,Koge,Denmark
ven_000406,Koge Cricket Club 2,Koge,Denmark
ven_000407,"Kotambi Stadium, Vadodara",Vadodara,India
ven_000408,Kowloon Cricket Club,Kowloon,Hong Kong
ven_000409,"KSCA Cricket Ground, Alur",Bengaluru,India
ven_000410,Kwekwe Sports Club,Kwekwe,Zimbabwe
ven_000411,"Kyambogo Cricket Ground, Kampala",Kampala,Uganda
ven_000412,Kyambogo Cricket Oval,Kampala,Uganda
ven_000413,La Manga Club Bottom Ground,Murcia,Spain
ven_000414,La Manga Club Top Ground,Murcia,Spain
ven_000415,Lahore City Cricket Association Ground,Lahore,Pakistan
ven_000416,"Lal Bahadur Shastri Stadium, Hyderabad, Deccan",Hyderabad,India
ven_000417,Lalabhai Contractor Stadium,Surat,India
ven_000418,Lalbhai Contractor Stadium,Surat,India
ven_000419,Las Caballerizas,Mexico City,Mexico
ven_000420,"Latrobe Recreation Ground, Latrobe",Latrobe,Australia
ven_000421,Lavington Sports Oval,Albury,Australia
ven_000422,"Lavington Sports Oval, Albury",Albury,Australia
ven_000423,LC de Villiers Oval,Pretoria,South Africa
ven_000424,Lilac Hill Park,Perth,Australia
ven_000425,"Lilac Hill Park, Perth",Perth,Australia
ven_000426,"Lindum Sports Club Ground, Lincoln",Lincoln,England
ven_000427,Lisicji Jarak Cricket Ground,Belgrade,Serbia
ven_000428,Lochlands,Arbroath,Scotland
ven_000429,Lord's,London,England
ven_000430,"Lord's, London",London,England
ven_000431,"Lords, St David's Cricket Club Ground",St David's,Bermuda
ven_000432,Los Reyes Polo Club,Guacima,Costa Rica
ven_000433,Louth Cricket Club,Louth,England
ven_000434,Lugogo Cricket Oval,Kampala,Uganda
ven_000435,"Lugogo Cricket Oval, Kampala",Kampala,Uganda
ven_000436,M Chinnaswamy Stadium,Bengaluru,India
ven_000437,"M Chinnaswamy Stadium, Bangalore",Bengaluru,India
ven_000438,"M Chinnaswamy Stadium, Bengaluru",Bengaluru,India
ven_000439,M.Chinnaswamy Stadium,Bengaluru,India
ven_000440,MA Aziz Stadium,Chattogram,Bangladesh
ven_000441,"MA Aziz Stadium, Chittagong",Chattogram,Bangladesh
ven_000442,MA Chidambaram Stadium,Chennai,India
ven_000443,"MA Chidambaram Stadium, Chepauk",Chennai,India
ven_000444,"MA Chidambaram Stadium, Chepauk, Chennai",Chennai,India
ven_000445,Madhavrao Scindia Cricket Ground,Rajkot,India
ven_000446,"Maharaja Yadavindra Singh International Cricket Stadium, Mullanpur",Mohali,India
ven_000447,"Maharaja Yadavindra Singh International Cricket Stadium, Mullanpur",New Chandigarh,India
ven_000448,"Maharaja Yadavindra Singh International Cricket Stadium, New Chandigarh",New Chandigarh,India
ven_000449,Maharani Usharaje Trust Cricket Ground,Indore,India
ven_000450,Maharashtra Cricket Association Stadium,Pune,India
ven_000451,"Maharashtra Cricket Association Stadium, Pune",Pune,India
ven_000452,"Mahinda Rajapaksa International Cricket Stadium, Sooriyawewa",Hambantota,Sri Lanka
ven_000453,"Mahinda Rajapaksa International Cricket Stadium, Sooriyawewa, Hambantota",Hambantota,Sri Lanka
ven_000454,Mainpower Oval,Rangiora,New Zealand
ven_000455,"Mainpower Oval, Rangiora",Rangiora,New Zealand
ven_000456,Malahide,Dublin,Ireland
ven_000457,"Malahide, Dublin",Dublin,Ireland
ven_000458,"Malek Cricket Ground, Ajman",Ajman,United Arab Emirates
ven_000459,Malkerns Country Club oval,Malkerns,Eswatini
ven_000460,Mangaung Oval,Bloemfontein,South Africa
ven_000461,"Mangaung Oval, Bloemfontein",Bloemfontein,South Africa
ven_000462,Mannofield Park,Aberdeen,Scotland
ven_000463,"Mannofield Park, Aberdeen",Aberdeen,Scotland
ven_000464,Manuka Oval,Canberra,Australia
ven_000465,"Manuka Oval, Canberra",Canberra,Australia
ven_000466,"Maple Leaf North-East Ground, King City",King City,Canada
ven_000467,Maple Leaf North-West Ground,King City,Canada
ven_000468,Maple Leaf North-West Ground,Toronto,Canada
ven_000469,"Maple Leaf North-West Ground, King City",King City,Canada
ven_000470,Maple Leaf South-West Ground,King City,Canada
ven_000471,"Mardyke, Cork",Cork,Ireland
ven_000472,"Marina Ground, Corfu",Corfu,Greece
ven_000473,Marrara Cricket Ground,Darwin,Australia
ven_000474,"Marrara Cricket Ground, Darwin",Darwin,Australia
ven_000475,"Marrara Stadium, Darwin",Darwin,Australia
ven_000476,Marsa Sports Club,Marsa,Malta
ven_000477,McLean Park,Napier,New Zealand
ven_000478,"McLean Park, Napier",Napier,New Zealand
ven_000479,"Meersen, Gent",Ghent,Belgium
ven_000480,Melbourne Cricket Ground,Melbourne,Australia
ven_000481,Mercantile Cricket Association Ground,Colombo,Sri Lanka
ven_000482,Merchant Taylors' School Ground,Northwood,England
ven_000483,"Merchant Taylors' School Ground, Northwood",Northwood,England
ven_000484,Merrion Cricket Club Ground,Dublin,Ireland
ven_000485,"Merrion Cricket Club Ground, Dublin",Dublin,Ireland
ven_000486,"Millfield School, Street",Street,England
ven_000487,"Mission Road Ground, Mong Kok",Mong Kok,Hong Kong
ven_000488,"Mission Road Ground, Mong Kok, Hong Kong",Mong Kok,Hong Kong
ven_000489,"Mitchells and Butlers' Ground, Birmingham",Birmingham,England
ven_000490,"Mladost Cricket Ground, Zagreb",Zagreb,Croatia
ven_000491,Moara Vlasiei Cricket Ground,Ilfov County,Romania
ven_000492,"Moara Vlasiei Cricket Ground, Ilfov County",Ilfov County,Romania
ven_000493,Molyneux Park,Alexandra,New Zealand
ven_000494,"Molyneux Park, Alexandra",Alexandra,New Zealand
ven_000495,Mombasa Sports Club Ground,Mombasa,Kenya
ven_000496,"Moors Sports Club Ground, Colombo",Colombo,Sri Lanka
ven_000497,"Moosa Cricket Stadium, Pearland",Pearland,United States of America
ven_000498,Morodok Techo National Stadium,Phnom Penh,Cambodia
ven_000499,Moses Mabhida Stadium,Durban,South Africa
ven_000500,Motibaug Cricket Ground,Vadodara,India
ven_000501,Mulpani Cricket Ground,Kathmandu,Nepal
ven_000502,Multan Cricket Stadium,Multan,Pakistan
ven_000503,Myreside,Edinburgh,Scotland
ven_000504,"N'Du Stadium, Noumea, New Caledonia",Noumea,New Caledonia
ven_000505,Nahar Singh Stadium,Faridabad,India
ven_000506,"Nahar Singh Stadium, Faridabad",Faridabad,India
ven_000507,"Namibia Cricket Ground, Windhoek",Windhoek,Namibia
ven_000508,Narayanganj Osmani Stadium,Fatullah,Bangladesh
ven_000509,Narendra Modi Stadium,Ahmedabad,India
ven_000510,"Narendra Modi Stadium Ground 'A', Motera",Ahmedabad,India
ven_000511,"Narendra Modi Stadium, Ahmedabad",Ahmedabad,India
ven_000512,"Nassau County International Cricket Stadium, New York",New York,United States of America
ven_000513,National Cricket Stadium,St George's,Grenada
ven_000514,"National Cricket Stadium, Grenada",St George's,Grenada
ven_000515,"National Cricket Stadium, St George's",St George's,Grenada
ven_000516,"National Cricket Stadium, St George's, Grenada",St George's,Grenada
ven_000517,"National Sports Academy, Sofia",Sofia,Bulgaria
ven_000518,National Stadium,Hamilton,Bermuda
ven_000519,National Stadium,Karachi,Pakistan
ven_000520,"National Stadium, Hamilton",Hamilton,Bermuda
ven_000521,"National Stadium, Karachi",Karachi,Pakistan
ven_000522,"Navy Ground, Welisara",Welisara,Sri Lanka
ven_000523,Nehru Stadium,,India
ven_000524,Nehru Stadium,Guwahati,India
ven_000525,Nehru Stadium,Kochi,India
ven_000526,Nehru Stadium,Pune,India
ven_000527,"Nehru Stadium, Fatorda",Margao,India
ven_000528,"Nehru Stadium, Poona",Pune,India
ven_000529,Nelson Park,Napier,New Zealand
ven_000530,"Nelson Park, Napier",Napier,New Zealand
ven_000531,Nevill Ground,Tunbridge Wells,England
ven_000532,"Nevill Ground, Tunbridge Wells",Tunbridge Wells,England
ven_000533,"New Close County Cricket Ground, Newport, Isle-of-Wight",Newport,England
ven_000534,"New County Ground, Hove, Brighton",Brighton,England
ven_000535,"New Farnley CC, Leeds",Leeds,England
ven_000536,New Strabane Park,Strabane,Northern Ireland
ven_000537,New Wanderers Stadium,Johannesburg,South Africa
ven_000538,"New Wanderers Stadium, Johannesburg",Johannesburg,South Africa
ven_000539,New Williamfield No1 Oval,Stirling,Scotland
ven_000540,Newlands,Cape Town,South Africa
ven_000541,"Newlands, Cape Town",Cape Town,South Africa
ven_000542,"Niaz Stadium, Hyderabad",Hyderabad,Pakistan
ven_000543,"Nigeria Cricket Federation Oval 1, Abuja",Abuja,Nigeria
ven_000544,"Nigeria Cricket Federation Oval 2, Abuja",Abuja,Nigeria
ven_000545,"Niranjan Shah Stadium, Rajkot",Rajkot,India
ven_000546,Nondescripts Cricket Club Ground,Colombo,Sri Lanka
ven_000547,"Nondescripts Cricket Club Ground, Colombo",Colombo,Sri Lanka
ven_000548,North Dalton Park,Wollongong,Australia
ven_000549,"North Dalton Park, Wollongong",Wollongong,Australia
ven_000550,North Marine Road Ground,Scarborough,England
ven_000551,"North Marine Road Ground, Scarborough",Scarborough,England
ven_000552,North Sydney Oval,Sydney,Australia
ven_000553,North Sydney Oval No.2,Sydney,Australia
ven_000554,"North Sydney Oval, Sydney",Sydney,Australia
ven_000555,"North West Cricket Stadium, Potchefstroom",Potchefstroom,South Africa
ven_000556,North-West University No1 Ground,Potchefstroom,South Africa
ven_000557,Nuriootpa Centennial Park,Nuriootpa,Australia
ven_000558,Oak Hill Cricket Club,Wicklow,Ireland
ven_000559,Oakham School Ground,Oakham,England
ven_000560,"Oakland Coliseum,Oakland",Oakland,United States of America
ven_000561,"Observatory Lane, Rathmines",Dublin,Ireland
ven_000562,"Observatory Lane, Rathmines, Dublin",Dublin,Ireland
ven_000563,Old Deer Park,Richmond,England
ven_000564,"Old Edwardians Cricket Club Ground, Solihull",Solihull,England
ven_000565,Old Hararians,Harare,Zimbabwe
ven_000566,Old Hararians Sports Club,Harare,Zimbabwe
ven_000567,"Old Hararians, Harare",Harare,Zimbabwe
ven_000568,Old Trafford,Manchester,England
ven_000569,"Old Trafford, Manchester",Manchester,England
ven_000570,OUTsurance Oval,Bloemfontein,South Africa
ven_000571,Ovale di Rastignano,Pianoro,Italy
ven_000572,P Sara Oval,Colombo,Sri Lanka
ven_000573,"P Sara Oval, Colombo",Colombo,Sri Lanka
ven_000574,P Saravanamuttu Stadium,Colombo,Sri Lanka
ven_000575,Pallekele International Cricket Stadium,Pallekele,Sri Lanka
ven_000576,Panadura Esplanade,Panadura,Sri Lanka
ven_000577,"Park 25 No 2, Adelaide",Adelaide,Australia
ven_000578,"Pembroke Cricket Club, Sandymount",Dublin,Ireland
ven_000579,"Pembroke Cricket Club, Sandymount, Dublin",Dublin,Ireland
ven_000580,"Penrhyn Avenue, Rhos-on-Sea, Colwyn Bay",Colwyn Bay,Wales
ven_000581,Perth Stadium,Perth,Australia
ven_000582,Peter Burge Oval,Brisbane,Australia
ven_000583,Pierre Werner Cricket Ground,Walferdange,Luxembourg
ven_000584,Pokhara Rangasala,Pokhara,Nepal
ven_000585,"Police Park Ground, Colombo",Colombo,Sri Lanka
ven_000586,Prairie View Cricket Complex,Houston,United States of America
ven_000587,Prem Tinsulanonda International School,Chiang Mai,Thailand
ven_000588,Providence Stadium,Providence,Guyana
ven_000589,"Providence Stadium, Guyana",Providence,Guyana
ven_000590,Pukekura Park,New Plymouth,New Zealand
ven_000591,"Pukekura Park, New Plymouth",New Plymouth,New Zealand
ven_000592,Punjab Cricket Association IS Bindra Stadium,Mohali,India
ven_000593,"Punjab Cricket Association IS Bindra Stadium, Mohali",Mohali,India
ven_000594,"Punjab Cricket Association IS Bindra Stadium, Mohali, Chandigarh",Mohali,India
ven_000595,"Punjab Cricket Association Stadium, Mohali",Mohali,India
ven_000596,"Punjab Cricket Association Stadium, Mohali, Chandigarh",Mohali,India
ven_000597,Queen Elizabeth II Oval,Bendigo,Australia
ven_000598,Queen's Park,,
ven_000599,Queen's Park,Chesterfield,England
ven_000600,Queen's Park,Invercargill,New Zealand
ven_000601,"Queen's Park (New), St George's, Grenada",St George's,Grenada
ven_000602,Queen's Park Oval,Port of Spain,Trinidad and Tobago
ven_000603,"Queen's Park Oval, Port of Spain",Port of Spain,Trinidad and Tobago
ven_000604,"Queen's Park Oval, Port of Spain, Trinidad",Port of Spain,Trinidad and Tobago
ven_000605,"Queen's Park Oval, Trinidad",Port of Spain,Trinidad and Tobago
ven_000606,"Queen's Park, Chesterfield",Chesterfield,England
ven_000607,"Queen's Park, Invercargill",Invercargill,New Zealand
ven_000608,Queens Sports Club,Bulawayo,Zimbabwe
ven_000609,"Queens Sports Club, Bulawayo",Bulawayo,Zimbabwe
ven_000610,Queenstown Events Centre,Queenstown,New Zealand
ven_000611,R Premadasa Stadium,Colombo,Sri Lanka
ven_000612,"R Premadasa Stadium, Colombo",Colombo,Sri Lanka
ven_000613,R.Premadasa Stadium,Colombo,Sri Lanka
ven_000614,"R.Premadasa Stadium, Khettarama",Colombo,Sri Lanka
ven_000615,"Racecourse Ground, Derby",Derby,England
ven_000616,Radlett Cricket Club,Radlett,England
ven_000617,"Radlett Cricket Club, Radlett",Radlett,England
ven_000618,Rajiv Gandhi International Stadium,Hyderabad,India
ven_000619,"Rajiv Gandhi International Stadium, Uppal",Hyderabad,India
ven_000620,"Rajiv Gandhi International Stadium, Uppal, Hyderabad",Hyderabad,India
ven_000621,Rangiri Dambulla International Stadium,Dambulla,Sri Lanka
ven_000622,Rawalpindi Cricket Stadium,Rawalpindi,Pakistan
ven_000623,"Ray Mitchell Oval, Harrup Park, Mackay",Mackay,Australia
ven_000624,"Reforma Athletic Club, Naucalpan",Naucalpan,Mexico
ven_000625,Reliance Cricket Stadium,Vadodara,India
ven_000626,Reliance Stadium,Vadodara,India
ven_000627,Riverside Ground,Chester-le-Street,England
ven_000628,"Riverside Ground, Chester-le-Street",Chester-le-Street,England
ven_000629,"Riverway Stadium, Townsville",Townsville,Australia
ven_000630,Roma Cricket Ground,Rome,Italy
ven_000631,"Rookwood, Sale",Sale,England
ven_000632,"Roseworth Terrace, Gosforth",Gosforth,England
ven_000633,"Royal Brunswick Ground, Hove, Brighton",Brighton,England
ven_000634,"Royal Brussels Cricket Club Ground, Waterloo",Waterloo,Belgium
ven_000635,Royal Chiangmai Golf Club,Chiang Mai,Thailand
ven_000636,Royal Selangor Club,Kuala Lumpur,Malaysia
ven_000637,"Royal Selangor Club, Kuala Lumpur",Kuala Lumpur,Malaysia
ven_000638,Ruaraka Sports Club Ground,Nairobi,Kenya
ven_000639,"Ruaraka Sports Club Ground, Nairobi",Nairobi,Kenya
ven_000640,Rugby School Ground,Rugby,England
ven_000641,"Sabina Park, Jamaica",Kingston,Jamaica
ven_000642,"Sabina Park, Kingston",Kingston,Jamaica
ven_000643,"Sabina Park, Kingston, Jamaica",Kingston,Jamaica
ven_000644,San Albano,Buenos Aires,Argentina
ven_000645,Sano International Cricket Ground,Sano,Japan
ven_000646,Sano International Cricket Ground 2,Sano,Japan
ven_000647,Santarem Cricket Ground,Albergaria,Portugal
ven_000648,Sao Fernando Polo and Cricket Club,Seropedica,Brazil
ven_000649,"Sao Fernando Polo and Cricket Club, Campo Sede",Seropedica,Brazil
ven_000650,"Sardar Patel (Gujarat) Stadium, Motera",Ahmedabad,India
ven_000651,Sardar Patel Stadium,Ahmedabad,India
ven_000652,"Sardar Patel Stadium, Motera",Ahmedabad,India
ven_000653,Saurashtra Cricket Association Stadium,Rajkot,India
ven_000654,"Saurashtra Cricket Association Stadium, Rajkot",Rajkot,India
ven_000655,Sawai Mansingh Stadium,Jaipur,India
ven_000656,"Sawai Mansingh Stadium, Jaipur",Jaipur,India
ven_000657,Saxton Oval,Nelson,New Zealand
ven_000658,"Saxton Oval, Nelson",Nelson,New Zealand
ven_000659,"Scott Page Field, Vinor",Prague,Czech Republic
ven_000660,Sea Breeze Oval,Hamilton,Bermuda
ven_000661,Sector 16 Stadium,Chandigarh,India
ven_000662,Sedbergh School,Sedbergh,England
ven_000663,Seddon Park,Hamilton,New Zealand
ven_000664,"Seddon Park, Hamilton",Hamilton,New Zealand
ven_000665,Sedgars Park,Potchefstroom,South Africa
ven_000666,"Sedgars Park, Potchefstroom",Potchefstroom,South Africa
ven_000667,Seebarn Cricket Centre,Seebarn,Austria
ven_000668,"Seebarn Cricket Centre, Lower Austria",Seebarn,Austria
ven_000669,Selangor Turf Club,Kuala Lumpur,Malaysia
ven_000670,"Selangor Turf Club, Kuala Lumpur",Kuala Lumpur,Malaysia
ven_000671,Senwes Park,Potchefstroom,South Africa
ven_000672,"Senwes Park, Potchefstroom",Potchefstroom,South Africa
ven_000673,"Severn Cricket Field, Woodley Park",Los Angeles,United States of America
ven_000674,Shaheed Chandu Stadium,Bogra,Bangladesh
ven_000675,Shaheed Veer Narayan Singh International Stadium,Raipur,India
ven_000676,"Shaheed Veer Narayan Singh International Stadium, Raipur",Raipur,India
ven_000677,Sharad Pawar Cricket Academy BKC,Mumbai,India
ven_000678,Sharjah Cricket Association Stadium,Sharjah,United Arab Emirates
ven_000679,Sharjah Cricket Stadium,Sharjah,United Arab Emirates
ven_000680,Sheikh Abu Naser Stadium,Khulna,Bangladesh
ven_000681,"Sheikh Abu Naser Stadium, Khulna",Khulna,Bangladesh
ven_000682,Sheikh Kamal International Cricket Stadium,Cox's Bazar,Bangladesh
ven_000683,Sheikh Zayed Stadium,Abu Dhabi,United Arab Emirates
ven_000684,Sheikh Zayed Stadium Nursery 1,Abu Dhabi,United Arab Emirates
ven_000685,Sheikh Zayed Stadium Nursery 2,Abu Dhabi,United Arab Emirates
ven_000686,"Sheikh Zayed Stadium, Abu Dhabi",Abu Dhabi,United Arab Emirates
ven_000687,Sheikhupura Stadium,Sheikhupura,Pakistan
ven_000688,Sher-e-Bangla National Cricket Stadium,Dhaka,Bangladesh
ven_000689,Shere Bangla National Stadium,Dhaka,Bangladesh
ven_000690,"Shere Bangla National Stadium, Mirpur",Dhaka,Bangladesh
ven_000691,"Shrimant Madhavrao Scindia Cricket Stadium, Gwalior",Gwalior,India
ven_000692,"Sikh Union Club Ground, Nairobi",Nairobi,Kenya
ven_000693,"Simar Cricket Ground, Rome",Rome,Italy
ven_000694,"Simonds Stadium, South Geelong",Geelong,Australia
ven_000695,"Simonds Stadium, South Geelong, Victoria",Geelong,Australia
ven_000696,Singapore Cricket Club,Singapore,Singapore
ven_000697,Singapore National Cricket Ground,Singapore,Singapore
ven_000698,Sinhalese Sports Club,Colombo,Sri Lanka
ven_000699,Sinhalese Sports Club Ground,Colombo,Sri Lanka
ven_000700,"Sinhalese Sports Club Ground, Colombo",Colombo,Sri Lanka
ven_000701,"Sinovich Park, Sinoville",Pretoria,South Africa
ven_000702,Sir Paul Getty's Ground,Wormsley,England
ven_000703,"Sir Paul Getty's Ground, Wormsley",Wormsley,England
ven_000704,Sir Vivian Richards Stadium,North Sound,Antigua and Barbuda
ven_000705,"Sir Vivian Richards Stadium, Antigua",North Sound,Antigua and Barbuda
ven_000706,"Sir Vivian Richards Stadium, North Sound",North Sound,Antigua and Barbuda
ven_000707,"Sir Vivian Richards Stadium, North Sound, Antigua",North Sound,Antigua and Barbuda
ven_000708,Skarpnack 1,Stockholm,Sweden
ven_000709,Skarpnack 2,Stockholm,Sweden
ven_000710,Sky Stadium,Wellington,New Zealand
ven_000711,"Sky Stadium, Wellington",Wellington,New Zealand
ven_000712,"Solvangs Park, Glostrup",Copenhagen,Denmark
ven_000713,Somerset Cricket Club,Somerset Village,Bermuda
ven_000714,Sophia Gardens,Cardiff,Wales
ven_000715,"Sophia Gardens, Cardiff",Cardiff,Wales
ven_000716,Southend Club Cricket Stadium,Karachi,Pakistan
ven_000717,"Southend Club Cricket Stadium, Karachi",Karachi,Pakistan
ven_000718,Sportpark Duivesteijn,Voorburg,Netherlands
ven_000719,"Sportpark Harga, Schiedam",Schiedam,Netherlands
ven_000720,Sportpark Het Schootsveld,Deventer,Netherlands
ven_000721,Sportpark Het Schootsveld 2,Deventer,Netherlands
ven_000722,"Sportpark Het Schootsveld, Deventer",Deventer,Netherlands
ven_000723,Sportpark Maarschalkerweerd,Utrecht,Netherlands
ven_000724,"Sportpark Maarschalkerweerd, Utrecht",Utrecht,Netherlands
ven_000725,Sportpark Thurlede,Schiedam,Netherlands
ven_000726,Sportpark Westvliet,The Hague,Netherlands
ven_000727,"Sportpark Westvliet, The Hague",The Hague,Netherlands
ven_000728,"Sportpark Westvliet, Voorburg",The Hague,Netherlands
ven_000729,"Spytty Park, Newport",Newport,Wales
ven_000730,Sri Lanka Army Ordnance Corps International Cricket Stadium,Kalutara,Sri Lanka
ven_000731,Sri Ramachandra Medical College,Chennai,India
ven_000732,SSN College Ground,Chennai,India
ven_000733,St  Pauls college ground  Kalamassery,Kalamassery,India
ven_000734,"St Albans Club, Buenos Aires",Buenos Aires,Argentina
ven_000735,"St George's College Ground, Buenos Aires",Buenos Aires,Argentina
ven_000736,St George's Park,Port Elizabeth,South Africa
ven_000737,"St George's Park, Gqeberha",Gqeberha,South Africa
ven_000738,"St George's Park, Port Elizabeth",Gqeberha,South Africa
ven_000739,St Georges Quilmes,Quilmes,Argentina
ven_000740,"St Helen's, Swansea",Swansea,Wales
ven_000741,St Lawrence Ground,Canterbury,England
ven_000742,"St Lawrence Ground, Canterbury",Canterbury,England
ven_000743,St'Xavier's KCA Cricket Ground,Thiruvananthapuram,India
ven_000744,Stadium Australia,Sydney,Australia
ven_000745,"Stanley Park, Blackpool",Blackpool,England
ven_000746,Star Stile,Halstead,England
ven_000747,"Stars Arena Hofstade, Zemst",Zemst,Belgium
ven_000748,Stellenbosch University 1,Stellenbosch,South Africa
ven_000749,Stellenbosch University 2,Stellenbosch,South Africa
ven_000750,Strathfieldsaye,Bendigo,Australia
ven_000751,"Stubberudmyra Cricket Ground, Oslo",Oslo,Norway
ven_000752,Subrata Roy Sahara Stadium,Pune,India
ven_000753,Sulabiya Ground,Kuwait City,Kuwait
ven_000754,"Sunrise Sports Club, Harare",Harare,Zimbabwe
ven_000755,SuperSport Park,Centurion,South Africa
ven_000756,"SuperSport Park, Centurion",Centurion,South Africa
ven_000757,"Surrey Village, Maggona",Maggona,Sri Lanka
ven_000758,"Svanholm Park, Brondby",Brondby,Denmark
ven_000759,Sydney Cricket Ground,Sydney,Australia
ven_000760,Sydney Parade,Dublin,Ireland
ven_000761,Sydney Showground Stadium,Sydney,Australia
ven_000762,Sylhet International Cricket Stadium,Sylhet,Bangladesh
ven_000763,"Sylhet International Cricket Stadium, Academy Ground",Sylhet,Bangladesh
ven_000764,Sylhet Stadium,Sylhet,Bangladesh
ven_000765,T I Murugappa Ground,Chennai,India
ven_000766,Tack-Tec Ground,Kuwait City,Kuwait
ven_000767,Tafawa Balewa Square (TBS) Cricket Oval,Lagos,Nigeria
ven_000768,Tafawa Balewa Square Cricket Oval,Lagos,Nigeria
ven_000769,"Tafawa Balewa Square Cricket Oval, Lagos",Lagos,Nigeria
ven_000770,Takashinga Sports Club,Harare,Zimbabwe
ven_000771,"Takashinga Sports Club, Highfield, Harare",Harare,Zimbabwe
ven_000772,"Taunton Vale Sports Club Ground, Taunton",Taunton,England
ven_000773,"TCA Oval, Blantyre",Blantyre,Malawi
ven_000774,Ted Summerton Reserve,Moe,Australia
ven_000775,"Ted Summerton Reserve, Moe",Moe,Australia
ven_000776,Terdthai Cricket Ground,Bangkok,Thailand
ven_000777,"Terdthai Cricket Ground, Bangkok",Bangkok,Thailand
ven_000778,Thailand Cricket Ground,Bangkok,Thailand
ven_000779,The Cooper Associates County Ground,Taunton,England
ven_000780,"The Cooper Associates County Ground, Taunton",Taunton,England
ven_000781,"The Cricket Field, Sedbergh School",Sedbergh,England
ven_000782,"The Gnoll, Neath",Neath,Wales
ven_000783,"The Green, Comber",Comber,Northern Ireland
ven_000784,The Hills Cricket Club Ground,Dublin,Ireland
ven_000785,"The Hills, Milverton",Milverton,Ireland
ven_000786,"The John Fretwell Sporting Complex, Nettleworth",Nettleworth,England
ven_000787,"The John Fretwell Sporting Complex, Sookholme",Sookholme,England
ven_000788,The Kent County Cricket Ground,Beckenham,England
ven_000789,"The Lawn, Waringstown",Waringstown,Northern Ireland
ven_000790,The Padang,Singapore,Singapore
ven_000791,The Rose Bowl,Southampton,England
ven_000792,The Rose Bowl (Nursery),Southampton,England
ven_000793,"The Rose Bowl, Southampton",Southampton,England
ven_000794,"The Royal & Sun Alliance County Ground, Bristol",Bristol,England
ven_000795,"The Saffrons, Eastbourne",Eastbourne,England
ven_000796,"The Village, Malahide",Dublin,Ireland
ven_000797,"The Village, Malahide, Dublin",Dublin,Ireland
ven_000798,The Vineyard,Dublin,Ireland
ven_000799,"The Vineyard, Dublin",Dublin,Ireland
ven_000800,The Wanderers Stadium,Johannesburg,South Africa
ven_000801,"The Wanderers Stadium, Johannesburg",Johannesburg,South Africa
ven_000802,"Three Ws Oval, Cave Hill, Barbados",Cave Hill,Barbados
ven_000803,"Thurstan College Ground, Colombo",Colombo,Sri Lanka
ven_000804,Tikkurila Cricket Ground,Vantaa,Finland
ven_000805,Titwood,Glasgow,Scotland
ven_000806,"Titwood, Glasgow",Glasgow,Scotland
ven_000807,Tolerance Oval,Abu Dhabi,United Arab Emirates
ven_000808,"Tolerance Oval, Abu Dhabi",Abu Dhabi,United Arab Emirates
ven_000809,Tony Ireland Stadium,Townsville,Australia
ven_000810,"Tony Ireland Stadium, Townsville",Townsville,Australia
ven_000811,"Toronto Cricket, Skating and Curling Club",Toronto,Canada
ven_000812,Traeger Park,Alice Springs,Australia
ven_000813,"Traeger Park, Alice Springs",Alice Springs,Australia
ven_000814,"Trafalgar Road Ground, Southport",Southport,England
ven_000815,Trent Bridge,Nottingham,England
ven_000816,"Trent Bridge, Nottingham",Nottingham,England
ven_000817,Tribhuvan University International Cricket Ground,Kirtipur,Nepal
ven_000818,"Tribhuvan University International Cricket Ground, Kirtipur",Kirtipur,Nepal
ven_000819,Turf City B Cricket Ground,Singapore,Singapore
ven_000820,Udayana Cricket Ground,Bali,Indonesia
ven_000821,UKM Cricket Oval,Bandar Kinrara,Malaysia
ven_000822,UKM-YSD Cricket Oval,Bangi,Malaysia
ven_000823,"UKM-YSD Cricket Oval, Bangi",Bangi,Malaysia
ven_000824,United Cricket Club Ground,Windhoek,Namibia
ven_000825,"United Cricket Club Ground, Windhoek",Windhoek,Namibia
ven_000826,University of Dar-es-Salaam Ground,Dar-es-Salaam,Tanzania
ven_000827,University of Doha for Science and Technology,Doha,Qatar
ven_000828,University of Lagos Cricket Oval,Lagos,Nigeria
ven_000829,University of Otago Oval,Dunedin,New Zealand
ven_000830,"University of Tasmania Stadium, Launceston",Launceston,Australia
ven_000831,University Oval,Dunedin,New Zealand
ven_000832,"University Oval, Dunedin",Dunedin,New Zealand
ven_000833,"University Oval, Hobart",Hobart,Australia
ven_000834,Uxbridge Cricket Club Ground,Uxbridge,England
ven_000835,Vanuatu Cricket Ground,Port Vila,Vanuatu
ven_000836,Vanuatu Cricket Ground (Oval 2),Port Vila,Vanuatu
ven_000837,"Vassil Levski National Sports Academy, Sofia",Sofia,Bulgaria
ven_000838,VCA Ground,Nagpur,India
ven_000839,"Velden Cricket Ground, Latschach",Latschach,Austria
ven_000840,Vidarbha C.A. Ground,Nagpur,India
ven_000841,Vidarbha Cricket Association Ground,Nagpur,India
ven_000842,"Vidarbha Cricket Association Stadium, Jamtha",Nagpur,India
ven_000843,"Vidarbha Cricket Association Stadium, Jamtha, Nagpur",Nagpur,India
ven_000844,VRA Cricket Ground,Amstelveen,Netherlands
ven_000845,VRA Ground,Amstelveen,Netherlands
ven_000846,"VRA Ground, Amstelveen",Amstelveen,Netherlands
ven_000847,W.A.C.A. Ground,Perth,Australia
ven_000848,Wanderers,Windhoek,Namibia
ven_000849,Wanderers Cricket Ground,Windhoek,Namibia
ven_000850,"Wanderers Cricket Ground, Windhoek",Windhoek,Namibia
ven_000851,Wankhede Stadium,Mumbai,India
ven_000852,"Wankhede Stadium, Mumbai",Mumbai,India
ven_000853,"Warner Park, Basseterre",Basseterre,Saint Kitts and Nevis
ven_000854,"Warner Park, Basseterre, St Kitts",Basseterre,Saint Kitts and Nevis
ven_000855,"Warner Park, St Kitts",Basseterre,Saint Kitts and Nevis
ven_000856,Waverley Oval,Sydney,Australia
ven_000857,Welagedara Stadium,Kurunegala,Sri Lanka
ven_000858,"Welagedara Stadium, Kurunegala",Kurunegala,Sri Lanka
ven_000859,Welbeck Abbey Cricket Ground,Welbeck,England
ven_000860,"Welbeck Colliery Cricket Club Ground, Market Warsop",Market Warsop,England
ven_000861,West End Park International Cricket Stadium,Doha,Qatar
ven_000862,"West End Park International Cricket Stadium, Doha",Doha,Qatar
ven_000863,West Mersea Cricket Club,Colchester,England
ven_000864,West Park Oval,Burnie,Australia
ven_000865,Western Australia Cricket Association Ground,Perth,Australia
ven_000866,"Western Australia Cricket Association Ground, Perth",Perth,Australia
ven_000867,"Westpac Park, Hamilton",Hamilton,New Zealand
ven_000868,Westpac Stadium,Wellington,New Zealand
ven_000869,"Westpac Stadium, Wellington",Wellington,New Zealand
ven_000870,"White Hill Field, Sandys Parish",Hamilton,Bermuda
ven_000871,White Hills Oval,Bendigo,Australia
ven_000872,"Whitegate Park, Blackpool",Blackpool,England
ven_000873,Willowmoore Park,Benoni,South Africa
ven_000874,Willowmoore Park A Field,Benoni,South Africa
ven_000875,Willowmoore Park B Field,Benoni,South Africa
ven_000876,Willowmoore Park C Field,Benoni,South Africa
ven_000877,"Willowmoore Park, Benoni",Benoni,South Africa
ven_000878,"Windsor Park, Roseau",Roseau,Dominica
ven_000879,"Windsor Park, Roseau, Dominica",Roseau,Dominica
ven_000880,"Wong Cricket Field, Woodley Park",Los Angeles,United States of America
ven_000881,"Woodbridge Road, Guildford",Guildford,England
ven_000882,"Woodley Cricket Field, Los Angeles",Los Angeles,United States of America
ven_000883,"Woodvale Road, Eglinton",Eglinton,Northern Ireland
ven_000884,"Wright Cricket Field, Woodley Park",Los Angeles,United States of America
ven_000885,Yeonhui Cricket Ground,Incheon,South Korea
ven_000886,"Yeonhui Cricket Ground, Incheon",Incheon,South Korea
ven_000887,YMCA Cricket Club,Dublin,Ireland
ven_000888,York Cricket Club,York,England
ven_000889,"YSD-UKM Cricket Oval, Bangi",Bangi,Malaysia
ven_000890,Zahur Ahmed Chowdhury Stadium,Chattogram,Bangladesh
ven_000891,"Zahur Ahmed Chowdhury Stadium, Chattogram",Chattogram,Bangladesh
ven_000892,"Zahur Ahmed Chowdhury Stadium, Chittagong",Chattogram,Bangladesh
ven_000893,Zayed Cricket Stadium,Abu Dhabi,United Arab Emirates
ven_000894,"Zayed Cricket Stadium, Abu Dhabi",Abu Dhabi,United Arab Emirates
ven_000895,Zhejiang University of Technology Cricket Field,Hangzhou,China
ven_000896,Zohur Ahmed Chowdhury Stadium,Chattogram,Bangladesh
ven_000897,Brian Lara Stadium,Tarouba,Trinidad and Tobago
ven_000898,Dr DY Patil Sports Academy,Navi Mumbai,India
ven_000899,Independence Park,Port Vila,Vanuatu
ven_000900,Maharaja Yadavindra Singh International Cricket Stadium,New Chandigarh,India
ven_000901,Maple Leaf Cricket Club,King City,Canada
ven_000902,Mission Road Ground,Hong Kong,Hong Kong
ven_000903,Sabina Park,Kingston,Jamaica
ven_000904,Seebarn Cricket Centre,Vienna,Austria
ven_000905,Skarpnack Cricket Ground,Stockholm,Sweden
ven_000906,St George's Park,Gqeberha,South Africa
ven_000907,Stellenbosch University,Stellenbosch,South Africa
ven_000908,Woodley Cricket Field,Los Angeles,United States of America
