venue,city,country
"7he Sevens Stadium, Dubai",Dubai,United Arab Emirates
"ACA Stadium, Barsapara",Barsapara,India
"ACA Stadium,Mangalagiri",Mangalagiri,India
AMI Stadium,Christchurch,New Zealand
"Abhimanyu Cricket Academy, Dehradun",Dehradun,India
Abu Dhabi Oval 1,Abu Dhabi,United Arab Emirates
Abu Dhabi Oval 2,Abu Dhabi,United Arab Emirates
"Achimota Senior Secondary School A Field, Accra",Accra,Ghana
"Achimota Senior Secondary School B Field, Accra",Accra,Ghana
Adelaide Oval,Adelaide,Australia
Adelaide Oval,Adelaide,Australia
Adelaide Oval No. 2,Adelaide,Australia
Affies Park,Windhoek,Namibia
Aigburth,Liverpool,England
"Aigburth, Liverpool",Liverpool,England
"Airforce Complex ground, Palam",Delhi,India
"Airforce Complex ground, Palam II",Delhi,India
Al Amerat Cricket Ground Oman Cricket (Ministry Turf 1),Al Amarat,Oman
Al Amerat Cricket Ground Oman Cricket (Ministry Turf 1),Al Amerat,Oman
Al Amerat Cricket Ground Oman Cricket (Ministry Turf 2),Al Amarat,Oman
Al Amerat Cricket Ground Oman Cricket (Ministry Turf 2),Al Amerat,Oman
Al Dhaid Cricket Village,Al Dhaid,United Arab Emirates
Albert Park 1,Suva,Fiji
"Albert Park 1, Suva",Suva,Fiji
Albert Park 2,Suva,Fiji
"Albert Park 2, Suva",Suva,Fiji
Albertslund Cricket Club,Copenhagen,Denmark
Alembic 1 Cricket Ground,Vadodara,India
Alembic 2  Cricket Ground,Vadodara,India
Allan Border Field,Brisbane,Australia
"Allan Border Field, Brisbane",Brisbane,Australia
Alur Cricket Stadium,Alur,India
Alur Cricket Stadium II,Alur,India
Alur Cricket Stadium III,Alur,India
Amini Park,Port Moresby,Papua New Guinea
"Amini Park, Port Moresby",Port Moresby,Papua New Guinea
Andhra Cricket Association-Visakhapatnam District Cricket Association Stadium,Visakhapatnam,India
Antigua Recreation Ground,St John's,Antigua and Barbuda
"Antigua Recreation Ground, St John's",St John's,Antigua and Barbuda
"Antigua Recreation Ground, St John's, Antigua",St John's,Antigua and Barbuda
Arbab Niaz Stadium,Peshawar,Pakistan
"Army Ground, Panagoda",Panagoda,Sri Lanka
Arnos Vale Ground,Kingstown,Saint Vincent and the Grenadines
"Arnos Vale Ground, Kingstown",Kingstown,Saint Vincent and the Grenadines
"Arnos Vale Ground, Kingstown, St Vincent",Kingstown,Saint Vincent and the Grenadines
Arun Jaitley Stadium,Delhi,India
Arun Jaitley Stadium,Delhi,India
"Arun Jaitley Stadium, Delhi",Delhi,India
Arundel Castle Cricket Club Ground,Arundel,England
Arundel Castle Cricket Club Ground,Arundel,England
Asgiriya Stadium,Kandy,Sri Lanka
Ashlyns Road,Frinton-on-Sea,England
Asian Institute of Technology Ground,Bangkok,Thailand
"Asian Institute of Technology Ground, Bangkok",Bangkok,Thailand
Aurora Stadium,Launceston,Australia
"Aurora Stadium, Launceston",Launceston,Australia
BKC Ground,Mumbai,India
"Ballpark Ground, Graz",Graz,Austria
Bangabandhu National Stadium,Dhaka,Bangladesh
"Bangabandhu National Stadium, Dhaka",Dhaka,Bangladesh
Bankstown Oval,Sydney,Australia
"Bankstown Oval, Sydney",Sydney,Australia
Barabati Stadium,Cuttack,India
Barabati Stadium,Cuttack,India
"Barabati Stadium, Cuttack",Cuttack,India
Barsapara Cricket Stadium,Guwahati,India
"Barsapara Cricket Stadium, Guwahati",Guwahati,India
Basin Reserve,Wellington,New Zealand
"Basin Reserve, Wellington",Wellington,New Zealand
Bay Oval,Mount Maunganui,New Zealand
Bay Oval,Mount Maunganui,New Zealand
"Bay Oval, Mount Maunganui",Mount Maunganui,New Zealand
Bayer Uerdingen Cricket Ground,Krefeld,Germany
Bayuemas Oval,Kuala Lumpur,Malaysia
"Bayuemas Oval, Kuala Lumpur",Kuala Lumpur,Malaysia
"Beausejour Stadium, Gros Islet",Gros Islet,Saint Lucia
"Belgrano Athletic Club Ground, Buenos Aires",Buenos Aires,Argentina
Bellerive Oval,Hobart,Australia
"Bellerive Oval, Hobart",Hobart,Australia
Bermuda National Stadium,Hamilton,Bermuda
Bert Sutcliffe Oval,Lincoln,New Zealand
"Bert Sutcliffe Oval, Lincoln",Lincoln,New Zealand
Bharat Ratna Shri Atal Bihari Vajpai Ekana Cricket Stadium,Lucknow,India
Bharat Ratna Shri Atal Bihari Vajpayee Ekana Cricket Stadium,Lucknow,India
Bharat Ratna Shri Atal Bihari Vajpayee Ekana Cricket Stadium,Lucknow,India
Bharat Ratna Shri Atal Bihari Vajpayee Ekana Cricket Stadium B,Lucknow,India
"Bharat Ratna Shri Atal Bihari Vajpayee Ekana Cricket Stadium, Lucknow",Lucknow,India
"Bir Sreshtho Flight Lieutenant Matiur Rahman Stadium, Chattogram",Chattogram,Bangladesh
Blacktown International Sportspark,Sydney,Australia
"Blacktown International Sportspark, Sydney",Sydney,Australia
"Bloomfield Cricket and Athletic Club Ground, Colombo",Colombo,Sri Lanka
Boland Bank Park,Paarl,South Africa
"Boland Bank Park, Paarl",Paarl,South Africa
Boland Park,Paarl,South Africa
"Boland Park, Paarl",Paarl,South Africa
"Botkyrka Cricket Center, Stockholm",Stockholm,Sweden
Botswana Cricket Association Oval 1,Gaborone,Botswana
"Botswana Cricket Association Oval 1, Gaborone",Gaborone,Botswana
Botswana Cricket Association Oval 2,Gaborone,Botswana
"Botswana Cricket Association Oval 2, Gaborone",Gaborone,Botswana
"Boughton Hall Cricket Club Ground, Chester",Chester,England
Brabourne Stadium,Mumbai,India
"Brabourne Stadium, Mumbai",Mumbai,India
Bradman Oval,Bowral,Australia
"Bradman Oval, Bowral",Bowral,Australia
Bready,Derry,Northern Ireland
"Bready Cricket Club, Magheramason",Bready,Northern Ireland
"Bready Cricket Club, Magheramason",Londonderry,Northern Ireland
"Bready Cricket Club, Magheramason, Bready",Bready,Northern Ireland
"Brian Lara Stadium, Tarouba",Tarouba,Trinidad and Tobago
"Brian Lara Stadium, Tarouba, Trinidad",Tarouba,Trinidad and Tobago
Brisbane Cricket Ground,Brisbane,Australia
"Brisbane Cricket Ground, Woolloongabba",Brisbane,Australia
"Brisbane Cricket Ground, Woolloongabba, Brisbane",Brisbane,Australia
"Brunton Memorial Ground, Radlett",Radlett,England
Buffalo Park,East London,South Africa
"Buffalo Park, East London",East London,South Africa
Bulawayo Athletic Club,Bulawayo,Zimbabwe
Bulawayo Athletic Club,Bulawayo,Zimbabwe
"Bundaberg Rum Stadium, Cairns",Cairns,Australia
"Burgher Recreation Club Ground, Colombo",Colombo,Sri Lanka
C B Patel Ground,Surat,India
Camberwell Sports Ground,Melbourne,Australia
Cambusdoon New Ground,Ayr,Scotland
"Cambusdoon New Ground, Ayr",Ayr,Scotland
"Campbell Park, Milton Keynes",Milton Keynes,England
Canterbury Park,Bendigo,Australia
Captain Roop Singh Stadium,Gwalior,India
"Captain Roop Singh Stadium, Gwalior",Gwalior,India
Carisbrook,Dunedin,New Zealand
Carrara Oval,Carrara,Australia
Carrara Oval,Carrara,Australia
"Casey Fields No 4, Melbourne",Melbourne,Australia
Casey Fields No. 4,Melbourne,Australia
Castle Avenue,Dublin,Ireland
"Castle Avenue, Dublin",Dublin,Ireland
Castle Park Cricket Ground,Colchester,England
"Castle Park Cricket Ground, Colchester",Colchester,England
Cazaly's Stadium,Cairns,Australia
"Cazaly's Stadium, Cairns",Cairns,Australia
Cello Basin Reserve,Wellington,New Zealand
Central Broward Regional Park Stadium Turf Ground,Lauderhill,United States of America
"Central Broward Regional Park Stadium Turf Ground, Lauderhill",Lauderhill,United States of America
"Centre for Cricket Development Ground, Windhoek",Windhoek,Namibia
Centro Sportivo Ca'Nova,Medicina,Italy
Centro Sportivo Dozza,Navile,Italy
Chaudhry Bansi Lal Cricket Stadium,Lahli,India
"Chester Road North Ground, Kidderminster",Kidderminster,England
Chevrolet Park,Bloemfontein,South Africa
"Chevrolet Park, Bloemfontein",Bloemfontein,South Africa
Chilaw Marians Cricket Club Ground,Katunayake,Sri Lanka
Chittagong Divisional Stadium,Chattogram,Bangladesh
"Choice Moosa Stadium, Pearland",Pearland,United States of America
Church Street Park,Morrisville,United States of America
"Church Street Park, Morrisville",Morrisville,United States of America
"Church of Ireland Young Men's Society Cricket Club Ground, Belfast",Belfast,Northern Ireland
City Oval,Pietermaritzburg,South Africa
"City Oval, Pietermaritzburg",Pietermaritzburg,South Africa
"Civil Service Cricket Club, Stormont",Belfast,Northern Ireland
"Civil Service Cricket Club, Stormont, Belfast",Belfast,Northern Ireland
"Clayton Panama, Panama City",Panama City,Panama
"Clifton Park Ground, York",York,England
Clontarf Cricket Club Ground,Dublin,Ireland
"Clontarf Cricket Club Ground, Dublin",Dublin,Ireland
Cobham Oval,Whangarei,New Zealand
Cobham Oval (New),Whangarei,New Zealand
"Cobham Oval (New), Whangarei",Whangarei,New Zealand
"Cobham Oval, Whangarei",Whangarei,New Zealand
Colin Maiden Park,Auckland,New Zealand
"Colin Maiden Park, Auckland",Auckland,New Zealand
College Field,St Peter Port,Guernsey
"College Field, St Peter Port",St Peter Port,Guernsey
College Ground,Cheltenham,England
"College Ground, Cheltenham",Cheltenham,England
Colombo Cricket Club Ground,Colombo,Sri Lanka
Colombo Cricket Club Ground,Colombo,Sri Lanka
Colts Cricket Club Ground,Colombo,Sri Lanka
"Colts Cricket Club Ground, Colombo",Colombo,Sri Lanka
Colwyn Bay Cricket Club Ground,Colwyn Bay,Wales
Coolidge Cricket Ground,Coolidge,Antigua and Barbuda
"Coolidge Cricket Ground, Antigua",Coolidge,Antigua and Barbuda
County Ground,Bristol,England
County Ground,Chelmsford,England
County Ground,Derby,England
County Ground,Hove,England
County Ground,Northampton,England
County Ground,Taunton,England
"County Ground, Bristol",Bristol,England
"County Ground, Chelmsford",Chelmsford,England
"County Ground, Chelmsford",Chelmsford,England
"County Ground, Derby",Derby,England
"County Ground, Hove",Hove,England
"County Ground, New Road",Worcester,England
"County Ground, New Road, Worcester",Worcester,England
"County Ground, Northampton",Northampton,England
"County Ground, Taunton",Taunton,England
"Cricket Central, Sydney",Sydney,Australia
Cricket Field Lane,Bishop's Stortford,England
"Cricket Field Road Ground, Horsham",Horsham,England
"Cricket Stadium, Sector-16",Chandigarh,India
DRIEMS Ground,Cuttack,India
Daren Sammy National Cricket Stadium,Gros Islet,Saint Lucia
"Daren Sammy National Cricket Stadium, Gros Islet",Gros Islet,Saint Lucia
"Daren Sammy National Cricket Stadium, Gros Islet, St Lucia",Gros Islet,Saint Lucia
"Daren Sammy National Cricket Stadium, St Lucia",Gros Islet,Saint Lucia
"Darren Sammy National Cricket Stadium, Gros Islet",Gros Islet,Saint Lucia
"Darren Sammy National Cricket Stadium, St Lucia",Gros Islet,Saint Lucia
"Davies Park, Queenstown",Queenstown,New Zealand
De Beers Diamond Oval,Kimberley,South Africa
"De Beers Diamond Oval, Kimberley",Kimberley,South Africa
"De Zoysa Stadium, Moratuwa",Moratuwa,Sri Lanka
Desert Springs Cricket Ground,Almeria,Spain
"Desert Springs Cricket Ground, Almeria",Almeria,Spain
Diamond Oval,Kimberley,South Africa
"Diamond Oval, Kimberley",Kimberley,South Africa
Docklands Stadium,Melbourne,Australia
"Docklands Stadium, Melbourne",Melbourne,Australia
Dower Park,Bendigo,Australia
Dr DY Patil Sports Academy,Mumbai,India
"Dr DY Patil Sports Academy, Mumbai",Mumbai,India
"Dr DY Patil Sports Academy, Mumbai",Navi Mumbai,India
"Dr DY Patil Sports Academy, Navi Mumbai",Navi Mumbai,India
Dr P.V.G. Raju ACA Sports Complex,Vizianagaram,India
"Dr. Gokaraju Laila Ganga Raju ACA Cricket Complex -CP Ground,Mulapadu",Mulapadu,India
"Dr. Gokaraju Laila Ganga Raju ACA Cricket Complex -DVR Ground,Mulapadu",Mulapadu,India
Dr. Y.S. Rajasekhara Reddy ACA VDCA Cricket Stadium,Visakhapatnam,India
Dr. Y.S. Rajasekhara Reddy ACA-VDCA Cricket Stadium,Visakhapatnam,India
"Dr. Y.S. Rajasekhara Reddy ACA-VDCA Cricket Stadium, Visakhapatnam",Visakhapatnam,India
Dreux Sport Cricket Club,Dreux,France
Drummoyne Oval,Sydney,Australia
"Drummoyne Oval, Sydney",Sydney,Australia
Dubai International Cricket Stadium,Dubai,United Arab Emirates
Dubai International Cricket Stadium,Dubai,United Arab Emirates
Dubai Sports City Cricket Stadium,Dubai,United Arab Emirates
Eastern Oval,Ballarat,Australia
"Eastern Oval, Ballarat",Ballarat,Australia
Eden Gardens,Kolkata,India
Eden Gardens,Kolkata,India
"Eden Gardens, Kolkata",Kolkata,India
Eden Park,Auckland,New Zealand
Eden Park,Auckland,New Zealand
Eden Park No 2,Auckland,New Zealand
"Eden Park No 2, Auckland",Auckland,New Zealand
Eden Park Outer Oval,Auckland,New Zealand
"Eden Park Outer Oval, Auckland",Auckland,New Zealand
"Eden Park, Auckland",Auckland,New Zealand
Edgbaston,Birmingham,England
"Edgbaston Foundation Community Sports Ground, Birmingham",Birmingham,England
"Edgbaston, Birmingham",Birmingham,England
"Ekeberg Cricket Ground 1, Oslo",Oslo,Norway
"Ekeberg Cricket Ground 2, Oslo",Oslo,Norway
Emerald Heights International School Ground,Indore,India
"Enborne Lodge, Newbury",Newbury,England
Entebbe Cricket Oval,Entebbe,Uganda
Entebbe Cricket Oval,Entebbe,Uganda
Estonian National Cricket and Rugby Field,Tallinn,Estonia
Europa Sports Complex,Gibraltar,Gibraltar
F B Colony Ground,Vadodara,India
FB Fields,St Clement,Jersey
"FB Fields, St Clement",St Clement,Jersey
"FP Fenner's Ground, Cambridge",Cambridge,England
FTZ Sports Complex (BOI),Katunayake,Sri Lanka
"FTZ Sports Complex (Board of Investment), Katunayake",Katunayake,Sri Lanka
Faleata Oval No 1,Apia,Samoa
Faleata Oval No 2,Apia,Samoa
"Faleata Oval No 2, Apia",Apia,Samoa
Faleata Oval No 3,Apia,Samoa
Farmers Cricket Club Ground,St Martin,Jersey
"Farmers Cricket Club Ground, St Martin",St Martin,Jersey
Feroz Shah Kotla,Delhi,India
Fitzherbert Park,Palmerston North,New Zealand
"Fitzherbert Park, Palmerston North",Palmerston North,New Zealand
Forthill,Dundee,Scotland
"Forthill, Dundee",Dundee,Scotland
Friendship Oval,Dasmarinas,Philippines
"GB Oval, Szodliget",Szodliget,Hungary
"GMHBA Stadium, South Geelong, Victoria",Geelong,Australia
"GSSS, Sector 26",Chandigarh,India
Gaddafi Stadium,Lahore,Pakistan
"Gaddafi Stadium, Lahore",Lahore,Pakistan
"Gahanga B Ground, Rwanda",Kigali City,Rwanda
"Gahanga International Cricket Stadium, Rwanda",Kigali City,Rwanda
Gahanga International Cricket Stadium. Rwanda,Kigali City,Rwanda
Gahanga International Cricket Stadium. Rwanda,Kigali,Rwanda
Galle International Stadium,Galle,Sri Lanka
Galle International Stadium,Galle,Sri Lanka
Garon Park,Southend-on-Sea,England
Geelong Cricket Ground,Geelong,Australia
Gelephu International Cricket Ground,Gelephu,Bhutan
Gliderol Stadium,Adelaide,Australia
"Gliderol Stadium, Adelaide",Adelaide,Australia
Gokaraju Liala Gangaaraju ACA Cricket Ground,Vijayawada,India
Goldenacre,Edinburgh,Scotland
"Goldenacre, Edinburgh",Edinburgh,Scotland
Goodyear Park,Bloemfontein,South Africa
"Goodyear Park, Bloemfontein",Bloemfontein,South Africa
"Gorse Lane, Grantham",Grantham,England
Grace Road,Leicester,England
"Grace Road, Leicester",Leicester,England
Grainville,St Saviour,Jersey
"Grainville, St Saviour",St Saviour,Jersey
"Grainville, St Saviour, Jersey",St Saviour,Jersey
Grand Prairie Stadium,Dallas,United States of America
Grand Prairie Stadium,Grand Prairie,United States of America
"Grand Prairie Stadium, Dallas",Dallas,United States of America
"Grange Cricket Club Ground, Raeburn Place",Edinburgh,Scotland
"Grange Cricket Club Ground, Raeburn Place, Edinburgh",Edinburgh,Scotland
"Grange Cricket Club, Raeburn Place",Edinburgh,Scotland
"Great Barrier Reef Arena, Mackay",Mackay,Australia
Green Park,Kanpur,India
"Green Park, Kanpur",Kanpur,India
Greenfield International Stadium,Thiruvananthapuram,India
"Greenfield International Stadium, Thiruvananthapuram",Thiruvananthapuram,India
Greenfield Stadium,Thiruvananthapuram,India
"Ground 1, Independence Park",Port Vila,Vanuatu
"Ground 2, Independence Park",Port Vila,Vanuatu
Guanggong International Cricket Stadium,Guangzhou,China
Gucherre Cricket Ground,Albergaria,Portugal
"Guernsey Rovers Athletic Club Ground, Port Soif",Port  Soif,Guernsey
"Guildford Bason, Merrow Down",Guildford,England
Gurugram Cricket Ground (SRNCC),Gurugram,India
Guttsta Wicked Cricket Club,Kolsva,Sweden
"Guyana National Stadium, Providence",Providence,Guyana
Gymkhana Club,Chiang Mai,Thailand
Gymkhana Club Ground,Nairobi,Kenya
"Gymkhana Club Ground, Dar-es-Salaam",Dar-es-Salaam,Tanzania
"Gymkhana Club Ground, Nairobi",Nairobi,Kenya
Hagley Oval,Christchurch,New Zealand
Hagley Oval,Christchurch,New Zealand
"Hagley Oval, Christchurch",Christchurch,New Zealand
Happy Valley Ground,Episkopi,Cyprus
Happy Valley Ground 2,Episkopi,Cyprus
Harare Sports Club,Harare,Zimbabwe
Harare Sports Club,Harare,Zimbabwe
Hare Field,Coggeshall,England
Harlequins,Pretoria,South Africa
Harrup Park,Mackay,Australia
"Harry Barker Reserve, Gisborne",Gisborne,New Zealand
Haslegrave Ground,Loughborough,England
"Haslegrave Ground, Loughborough",Loughborough,England
Hazelaarweg,Rotterdam,Netherlands
"Hazelaarweg, Rotterdam",Rotterdam,Netherlands
Headingley,Leeds,England
"Headingley, Leeds",Leeds,England
"High Performance Oval, Windhoek",Windhoek,Namibia
Himachal Pradesh Cricket Association Stadium,Dharamsala,India
Himachal Pradesh Cricket Association Stadium,Dharamsala,India
"Himachal Pradesh Cricket Association Stadium, Dharamsala",Dharamsala,India
Holkar Cricket Stadium,Indore,India
"Holkar Cricket Stadium, Indore",Indore,India
Holkar Stadium,Indore,India
Hong Kong Cricket Club,Wong Nai Chung Gap,Hong Kong
Hong Kong Cricket Club,Wong Nai Chung Gap,Hong Kong
Howell Oval,Sydney,Australia
"Hurlingham Club Ground, Buenos Aires",Buenos Aires,Argentina
Hurstville Oval,Sydney,Australia
IC-Gurunanak College Ground,Chennai,India
ICC Academy,Dubai,United Arab Emirates
ICC Academy Ground No 2,Dubai,United Arab Emirates
"ICC Academy Ground No 2, Dubai",Dubai,United Arab Emirates
ICC Academy Oval 1,Dubai,United Arab Emirates
ICC Academy Oval 2,Dubai,United Arab Emirates
"ICC Academy, Dubai",Dubai,United Arab Emirates
ICC Global Cricket Academy,Dubai,United Arab Emirates
"Independence Park, Port Vila",Port Vila,Vanuatu
Indian Association Ground,Singapore,Singapore
"Indian Association Ground, Singapore",Singapore,Singapore
Indian Petrochemicals Corporation Limited Sports Complex Ground,Vadodara,India
"Instonians Cricket Club, Shaw's Bridge Lower Ground, Belfast",Belfast,Northern Ireland
Integrated Polytechnic Regional Centre,Kigali City,Rwanda
International Sports Stadium,Coffs Harbour,Australia
"International Sports Stadium, Coffs Harbour",Coffs Harbour,Australia
Invermay Park,Launceston,Australia
"Invermay Park, Launceston",Launceston,Australia
Iqbal Stadium,Faisalabad,Pakistan
"Iqbal Stadium, Faisalabad",Faisalabad,Pakistan
"Ishoj Cricket Club, Vejledalen",Ishoj,Denmark
JSCA International Stadium Complex,Ranchi,India
JSCA International Stadium Complex,Ranchi,India
"JSCA International Stadium Complex, Ranchi",Ranchi,India
"JU Second Campus, Salt Lake",Kolkata,India
Jadavpur University Campus,Kolkata,India
"Jadavpur University Campus 2nd Ground, Kolkata",Kolkata,India
Jade Stadium,Christchurch,New Zealand
"Jade Stadium, Christchurch",Christchurch,New Zealand
Jaffery Sports Club Ground,Nairobi,Kenya
Jawaharlal Nehru Stadium,New Delhi,India
"Jimmy Powell Oval, Cayman Islands",George Town,Cayman Islands
Jinja Cricket Ground,Jinja,Uganda
John Davies Oval,Queenstown,New Zealand
"John Davies Oval, Queenstown",Queenstown,New Zealand
Johor Cricket Academy Oval,Johor,Malaysia
Johor Cricket Academy Oval,Johor,Malaysia
"Jubilee Park, Ringwood, Melbourne",Melbourne,Australia
Junction Oval,Melbourne,Australia
"Junction Oval, Melbourne",Melbourne,Australia
"KSCA Cricket Ground, Alur",Bengaluru,India
Kaizuka Cricket Ground,Osaka,Japan
Kallang Ground,Singapore,Singapore
Karen Rolton Oval,Adelaide,Australia
"Karen Rolton Oval, Adelaide",Adelaide,Australia
"Karori Park, Wellington",Wellington,New Zealand
Keenan Stadium,Jamshedpur,India
Kennards Hire Community Oval,Sydney,Australia
Kennington Oval,London,England
"Kennington Oval, London",London,England
Kensington Oval,Bridgetown,Barbados
"Kensington Oval, Barbados",Bridgetown,Barbados
"Kensington Oval, Bridgetown",Bridgetown,Barbados
"Kensington Oval, Bridgetown, Barbados",Bridgetown,Barbados
Kent County Cricket Ground,Beckenham,England
"Kent County Cricket Ground, Beckenham",Beckenham,England
Kerava National Cricket Ground,Kerava,Finland
Kerrydale Oval,Gold Coast,Australia
Khan Shaheb Osman Ali Stadium,Fatullah,Bangladesh
Khettarama Stadium,Colombo,Sri Lanka
Kibworth Cricket Club Ground,Kibworth,England
Kibworth Cricket Club New Ground,Kibworth,England
King George V Sports Ground,Castel,Guernsey
"King George V Sports Ground, Castel",Castel,Guernsey
Kingsmead,Durban,South Africa
"Kingsmead, Durban",Durban,South Africa
"Kingston Twin Ovals, Hobart",Hobart,Australia
Kinrara Academy Oval,Kuala Lumpur,Malaysia
"Kinrara Academy Oval, Kuala Lumpur",Kuala Lumpur,Malaysia
Kinrara Oval,Kuala Lumpur,Malaysia
Koge Cricket Club,Koge,Denmark
Koge Cricket Club 2,Koge,Denmark
"Kotambi Stadium, Vadodara",Vadodara,India
Kowloon Cricket Club,Kowloon,Hong Kong
Kwekwe Sports Club,Kwekwe,Zimbabwe
"Kyambogo Cricket Ground, Kampala",Kampala,Uganda
Kyambogo Cricket Oval,Kampala,Uganda
LC de Villiers Oval,Pretoria,South Africa
La Manga Club Bottom Ground,Murcia,Spain
La Manga Club Top Ground,Murcia,Spain
Lahore City Cricket Association Ground,Lahore,Pakistan
"Lal Bahadur Shastri Stadium, Hyderabad, Deccan",Hyderabad,India
Lalabhai Contractor Stadium,Surat,India
Lalbhai Contractor Stadium,Surat,India
Las Caballerizas,Mexico City,Mexico
"Latrobe Recreation Ground, Latrobe",Latrobe,Australia
Lavington Sports Oval,Albury,Australia
"Lavington Sports Oval, Albury",Albury,Australia
Lilac Hill Park,Perth,Australia
"Lilac Hill Park, Perth",Perth,Australia
"Lindum Sports Club Ground, Lincoln",Lincoln,England
Lisicji Jarak Cricket Ground,Belgrade,Serbia
Lochlands,Arbroath,Scotland
Lord's,London,England
"Lord's, London",London,England
"Lords, St David's Cricket Club Ground",St David's,Bermuda
Los Reyes Polo Club,Guacima,Costa Rica
Louth Cricket Club,Louth,England
Lugogo Cricket Oval,Kampala,Uganda
"Lugogo Cricket Oval, Kampala",Kampala,Uganda
M Chinnaswamy Stadium,Bengaluru,India
M Chinnaswamy Stadium,Bengaluru,India
"M Chinnaswamy Stadium, Bangalore",Bengaluru,India
"M Chinnaswamy Stadium, Bengaluru",Bengaluru,India
M.Chinnaswamy Stadium,Bengaluru,India
MA Aziz Stadium,Chattogram,Bangladesh
"MA Aziz Stadium, Chittagong",Chattogram,Bangladesh
MA Chidambaram Stadium,Chennai,India
"MA Chidambaram Stadium, Chepauk",Chennai,India
"MA Chidambaram Stadium, Chepauk, Chennai",Chennai,India
Madhavrao Scindia Cricket Ground,Rajkot,India
"Maharaja Yadavindra Singh International Cricket Stadium, Mullanpur",Mohali,India
"Maharaja Yadavindra Singh International Cricket Stadium, Mullanpur",New Chandigarh,India
"Maharaja Yadavindra Singh International Cricket Stadium, New Chandigarh",New Chandigarh,India
Maharani Usharaje Trust Cricket Ground,Indore,India
Maharashtra Cricket Association Stadium,Pune,India
"Maharashtra Cricket Association Stadium, Pune",Pune,India
"Mahinda Rajapaksa International Cricket Stadium, Sooriyawewa",Hambantota,Sri Lanka
"Mahinda Rajapaksa International Cricket Stadium, Sooriyawewa, Hambantota",Hambantota,Sri Lanka
Mainpower Oval,Rangiora,New Zealand
Mainpower Oval,Rangiora,New Zealand
"Mainpower Oval, Rangiora",Rangiora,New Zealand
Malahide,Dublin,Ireland
"Malahide, Dublin",Dublin,Ireland
"Malek Cricket Ground, Ajman",Ajman,United Arab Emirates
Malkerns Country Club oval,Malkerns,Eswatini
Mangaung Oval,Bloemfontein,South Africa
"Mangaung Oval, Bloemfontein",Bloemfontein,South Africa
Mannofield Park,Aberdeen,Scotland
"Mannofield Park, Aberdeen",Aberdeen,Scotland
Manuka Oval,Canberra,Australia
"Manuka Oval, Canberra",Canberra,Australia
"Maple Leaf North-East Ground, King City",King City,Canada
Maple Leaf North-West Ground,King City,Canada
Maple Leaf North-West Ground,Toronto,Canada
"Maple Leaf North-West Ground, King City",King City,Canada
Maple Leaf South-West Ground,King City,Canada
"Mardyke, Cork",Cork,Ireland
"Marina Ground, Corfu",Corfu,Greece
Marrara Cricket Ground,Darwin,Australia
"Marrara Cricket Ground, Darwin",Darwin,Australia
"Marrara Stadium, Darwin",Darwin,Australia
Marsa Sports Club,Marsa,Malta
McLean Park,Napier,New Zealand
McLean Park,Napier,New Zealand
"McLean Park, Napier",Napier,New Zealand
"Meersen, Gent",Ghent,Belgium
Melbourne Cricket Ground,Melbourne,Australia
Melbourne Cricket Ground,Melbourne,Australia
Mercantile Cricket Association Ground,Colombo,Sri Lanka
Merchant Taylors' School Ground,Northwood,England
"Merchant Taylors' School Ground, Northwood",Northwood,England
Merrion Cricket Club Ground,Dublin,Ireland
"Merrion Cricket Club Ground, Dublin",Dublin,Ireland
"Millfield School, Street",Street,England
"Mission Road Ground, Mong Kok",Mong Kok,Hong Kong
"Mission Road Ground, Mong Kok, Hong Kong",Mong Kok,Hong Kong
"Mitchells and Butlers' Ground, Birmingham",Birmingham,England
"Mladost Cricket Ground, Zagreb",Zagreb,Croatia
Moara Vlasiei Cricket Ground,Ilfov County,Romania
"Moara Vlasiei Cricket Ground, Ilfov County",Ilfov County,Romania
Molyneux Park,Alexandra,New Zealand
Molyneux Park,Alexandra,New Zealand
"Molyneux Park, Alexandra",Alexandra,New Zealand
Mombasa Sports Club Ground,Mombasa,Kenya
"Moors Sports Club Ground, Colombo",Colombo,Sri Lanka
"Moosa Cricket Stadium, Pearland",Pearland,United States of America
Morodok Techo National Stadium,Phnom Penh,Cambodia
Moses Mabhida Stadium,Durban,South Africa
Motibaug Cricket Ground,Vadodara,India
Mulpani Cricket Ground,Kathmandu,Nepal
Multan Cricket Stadium,Multan,Pakistan
Multan Cricket Stadium,Multan,Pakistan
Myreside,Edinburgh,Scotland
"N'Du Stadium, Noumea, New Caledonia",Noumea,New Caledonia
Nahar Singh Stadium,Faridabad,India
"Nahar Singh Stadium, Faridabad",Faridabad,India
"Namibia Cricket Ground, Windhoek",Windhoek,Namibia
Narayanganj Osmani Stadium,Fatullah,Bangladesh
Narendra Modi Stadium,Ahmedabad,India
"Narendra Modi Stadium Ground 'A', Motera",Ahmedabad,India
"Narendra Modi Stadium, Ahmedabad",Ahmedabad,India
"Nassau County International Cricket Stadium, New York",New York,United States of America
National Cricket Stadium,St George's,Grenada
"National Cricket Stadium, Grenada",St George's,Grenada
"National Cricket Stadium, St George's",St George's,Grenada
"National Cricket Stadium, St George's, Grenada",St George's,Grenada
"National Sports Academy, Sofia",Sofia,Bulgaria
National Stadium,Hamilton,Bermuda
National Stadium,Karachi,Pakistan
"National Stadium, Hamilton",Hamilton,Bermuda
"National Stadium, Karachi",Karachi,Pakistan
"Navy Ground, Welisara",Welisara,Sri Lanka
Nehru Stadium,Guwahati,India
Nehru Stadium,Kochi,India
Nehru Stadium,Pune,India
Nehru Stadium,,India
"Nehru Stadium, Fatorda",Margao,India
"Nehru Stadium, Poona",Pune,India
Nelson Park,Napier,New Zealand
"Nelson Park, Napier",Napier,New Zealand
Nevill Ground,Tunbridge Wells,England
"Nevill Ground, Tunbridge Wells",Tunbridge Wells,England
"New Close County Cricket Ground, Newport, Isle-of-Wight",Newport,England
"New County Ground, Hove, Brighton",Brighton,England
"New Farnley CC, Leeds",Leeds,England
New Strabane Park,Strabane,Northern Ireland
New Wanderers Stadium,Johannesburg,South Africa
"New Wanderers Stadium, Johannesburg",Johannesburg,South Africa
New Williamfield No1 Oval,Stirling,Scotland
Newlands,Cape Town,South Africa
"Newlands, Cape Town",Cape Town,South Africa
"Niaz Stadium, Hyderabad",Hyderabad,Pakistan
"Nigeria Cricket Federation Oval 1, Abuja",Abuja,Nigeria
"Nigeria Cricket Federation Oval 2, Abuja",Abuja,Nigeria
"Niranjan Shah Stadium, Rajkot",Rajkot,India
Nondescripts Cricket Club Ground,Colombo,Sri Lanka
"Nondescripts Cricket Club Ground, Colombo",Colombo,Sri Lanka
North Dalton Park,Wollongong,Australia
"North Dalton Park, Wollongong",Wollongong,Australia
North Marine Road Ground,Scarborough,England
"North Marine Road Ground, Scarborough",Scarborough,England
North Sydney Oval,Sydney,Australia
North Sydney Oval No.2,Sydney,Australia
"North Sydney Oval, Sydney",Sydney,Australia
"North West Cricket Stadium, Potchefstroom",Potchefstroom,South Africa
North-West University No1 Ground,Potchefstroom,South Africa
Nuriootpa Centennial Park,Nuriootpa,Australia
OUTsurance Oval,Bloemfontein,South Africa
Oak Hill Cricket Club,Wicklow,Ireland
Oakham School Ground,Oakham,England
"Oakland Coliseum,Oakland",Oakland,United States of America
"Observatory Lane, Rathmines",Dublin,Ireland
"Observatory Lane, Rathmines, Dublin",Dublin,Ireland
Old Deer Park,Richmond,England
"Old Edwardians Cricket Club Ground, Solihull",Solihull,England
Old Hararians,Harare,Zimbabwe
Old Hararians Sports Club,Harare,Zimbabwe
"Old Hararians, Harare",Harare,Zimbabwe
Old Trafford,Manchester,England
"Old Trafford, Manchester",Manchester,England
Ovale di Rastignano,Pianoro,Italy
P Sara Oval,Colombo,Sri Lanka
"P Sara Oval, Colombo",Colombo,Sri Lanka
P Saravanamuttu Stadium,Colombo,Sri Lanka
Pallekele International Cricket Stadium,Pallekele,Sri Lanka
Pallekele International Cricket Stadium,Pallekele,Sri Lanka
Pallekele International Cricket Stadium,Pallekele,Sri Lanka
Panadura Esplanade,Panadura,Sri Lanka
"Park 25 No 2, Adelaide",Adelaide,Australia
"Pembroke Cricket Club, Sandymount",Dublin,Ireland
"Pembroke Cricket Club, Sandymount, Dublin",Dublin,Ireland
"Penrhyn Avenue, Rhos-on-Sea, Colwyn Bay",Colwyn Bay,Wales
Perth Stadium,Perth,Australia
Perth Stadium,Perth,Australia
Peter Burge Oval,Brisbane,Australia
Pierre Werner Cricket Ground,Walferdange,Luxembourg
Pokhara Rangasala,Pokhara,Nepal
"Police Park Ground, Colombo",Colombo,Sri Lanka
Prairie View Cricket Complex,Houston,United States of America
Prem Tinsulanonda International School,Chiang Mai,Thailand
Providence Stadium,Providence,Guyana
"Providence Stadium, Guyana",Providence,Guyana
Pukekura Park,New Plymouth,New Zealand
"Pukekura Park, New Plymouth",New Plymouth,New Zealand
Punjab Cricket Association IS Bindra Stadium,Mohali,India
"Punjab Cricket Association IS Bindra Stadium, Mohali",Mohali,India
"Punjab Cricket Association IS Bindra Stadium, Mohali",Mohali,India
"Punjab Cricket Association IS Bindra Stadium, Mohali, Chandigarh",Mohali,India
"Punjab Cricket Association Stadium, Mohali",Mohali,India
"Punjab Cricket Association Stadium, Mohali, Chandigarh",Mohali,India
Queen Elizabeth II Oval,Bendigo,Australia
Queen's Park,Chesterfield,England
Queen's Park,Invercargill,New Zealand
Queen's Park,,
"Queen's Park (New), St George's, Grenada",St George's,Grenada
Queen's Park Oval,Port of Spain,Trinidad and Tobago
"Queen's Park Oval, Port of Spain",Port of Spain,Trinidad and Tobago
"Queen's Park Oval, Port of Spain, Trinidad",Port of Spain,Trinidad and Tobago
"Queen's Park Oval, Trinidad",Port of Spain,Trinidad and Tobago
"Queen's Park, Chesterfield",Chesterfield,England
"Queen's Park, Invercargill",Invercargill,New Zealand
Queens Sports Club,Bulawayo,Zimbabwe
"Queens Sports Club, Bulawayo",Bulawayo,Zimbabwe
Queenstown Events Centre,Queenstown,New Zealand
Queenstown Events Centre,Queenstown,New Zealand
R Premadasa Stadium,Colombo,Sri Lanka
"R Premadasa Stadium, Colombo",Colombo,Sri Lanka
R.Premadasa Stadium,Colombo,Sri Lanka
"R.Premadasa Stadium, Khettarama",Colombo,Sri Lanka
"Racecourse Ground, Derby",Derby,England
Radlett Cricket Club,Radlett,England
"Radlett Cricket Club, Radlett",Radlett,England
Rajiv Gandhi International Stadium,Hyderabad,India
"Rajiv Gandhi International Stadium, Uppal",Hyderabad,India
"Rajiv Gandhi International Stadium, Uppal, Hyderabad",Hyderabad,India
Rangiri Dambulla International Stadium,Dambulla,Sri Lanka
Rangiri Dambulla International Stadium,Dambulla,Sri Lanka
Rawalpindi Cricket Stadium,Rawalpindi,Pakistan
Rawalpindi Cricket Stadium,Rawalpindi,Pakistan
"Ray Mitchell Oval, Harrup Park, Mackay",Mackay,Australia
"Reforma Athletic Club, Naucalpan",Naucalpan,Mexico
Reliance Cricket Stadium,Vadodara,India
Reliance Stadium,Vadodara,India
Riverside Ground,Chester-le-Street,England
"Riverside Ground, Chester-le-Street",Chester-le-Street,England
"Riverway Stadium, Townsville",Townsville,Australia
Roma Cricket Ground,Rome,Italy
"Rookwood, Sale",Sale,England
"Roseworth Terrace, Gosforth",Gosforth,England
"Royal Brunswick Ground, Hove, Brighton",Brighton,England
"Royal Brussels Cricket Club Ground, Waterloo",Waterloo,Belgium
Royal Chiangmai Golf Club,Chiang Mai,Thailand
Royal Chiangmai Golf Club,Chiang Mai,Thailand
Royal Selangor Club,Kuala Lumpur,Malaysia
"Royal Selangor Club, Kuala Lumpur",Kuala Lumpur,Malaysia
Ruaraka Sports Club Ground,Nairobi,Kenya
"Ruaraka Sports Club Ground, Nairobi",Nairobi,Kenya
Rugby School Ground,Rugby,England
SSN College Ground,Chennai,India
"Sabina Park, Jamaica",Kingston,Jamaica
"Sabina Park, Kingston",Kingston,Jamaica
"Sabina Park, Kingston, Jamaica",Kingston,Jamaica
San Albano,Buenos Aires,Argentina
Sano International Cricket Ground,Sano,Japan
Sano International Cricket Ground,Sano,Japan
Sano International Cricket Ground 2,Sano,Japan
Santarem Cricket Ground,Albergaria,Portugal
Sao Fernando Polo and Cricket Club,Seropedica,Brazil
"Sao Fernando Polo and Cricket Club, Campo Sede",Seropedica,Brazil
"Sardar Patel (Gujarat) Stadium, Motera",Ahmedabad,India
Sardar Patel Stadium,Ahmedabad,India
"Sardar Patel Stadium, Motera",Ahmedabad,India
Saurashtra Cricket Association Stadium,Rajkot,India
Saurashtra Cricket Association Stadium,Rajkot,India
"Saurashtra Cricket Association Stadium, Rajkot",Rajkot,India
Sawai Mansingh Stadium,Jaipur,India
"Sawai Mansingh Stadium, Jaipur",Jaipur,India
Saxton Oval,Nelson,New Zealand
Saxton Oval,Nelson,New Zealand
"Saxton Oval, Nelson",Nelson,New Zealand
"Scott Page Field, Vinor",Prague,Czech Republic
Sea Breeze Oval,Hamilton,Bermuda
Sector 16 Stadium,Chandigarh,India
Sedbergh School,Sedbergh,England
Seddon Park,Hamilton,New Zealand
Seddon Park,Hamilton,New Zealand
"Seddon Park, Hamilton",Hamilton,New Zealand
Sedgars Park,Potchefstroom,South Africa
"Sedgars Park, Potchefstroom",Potchefstroom,South Africa
Seebarn Cricket Centre,Seebarn,Austria
"Seebarn Cricket Centre, Lower Austria",Seebarn,Austria
Selangor Turf Club,Kuala Lumpur,Malaysia
"Selangor Turf Club, Kuala Lumpur",Kuala Lumpur,Malaysia
Senwes Park,Potchefstroom,South Africa
"Senwes Park, Potchefstroom",Potchefstroom,South Africa
"Severn Cricket Field, Woodley Park",Los Angeles,United States of America
Shaheed Chandu Stadium,Bogra,Bangladesh
Shaheed Veer Narayan Singh International Stadium,Raipur,India
Shaheed Veer Narayan Singh International Stadium,Raipur,India
"Shaheed Veer Narayan Singh International Stadium, Raipur",Raipur,India
Sharad Pawar Cricket Academy BKC,Mumbai,India
Sharjah Cricket Association Stadium,Sharjah,United Arab Emirates
Sharjah Cricket Stadium,Sharjah,United Arab Emirates
Sharjah Cricket Stadium,Sharjah,United Arab Emirates
Sheikh Abu Naser Stadium,Khulna,Bangladesh
"Sheikh Abu Naser Stadium, Khulna",Khulna,Bangladesh
Sheikh Kamal International Cricket Stadium,Cox's Bazar,Bangladesh
Sheikh Zayed Stadium,Abu Dhabi,United Arab Emirates
Sheikh Zayed Stadium Nursery 1,Abu Dhabi,United Arab Emirates
Sheikh Zayed Stadium Nursery 2,Abu Dhabi,United Arab Emirates
"Sheikh Zayed Stadium, Abu Dhabi",Abu Dhabi,United Arab Emirates
Sheikhupura Stadium,Sheikhupura,Pakistan
Sher-e-Bangla National Cricket Stadium,Dhaka,Bangladesh
Shere Bangla National Stadium,Dhaka,Bangladesh
Shere Bangla National Stadium,Dhaka,Bangladesh
"Shere Bangla National Stadium, Mirpur",Dhaka,Bangladesh
"Shrimant Madhavrao Scindia Cricket Stadium, Gwalior",Gwalior,India
"Sikh Union Club Ground, Nairobi",Nairobi,Kenya
"Simar Cricket Ground, Rome",Rome,Italy
"Simonds Stadium, South Geelong",Geelong,Australia
"Simonds Stadium, South Geelong, Victoria",Geelong,Australia
Singapore Cricket Club,Singapore,Singapore
Singapore Cricket Club,Singapore,Singapore
Singapore National Cricket Ground,Singapore,Singapore
Sinhalese Sports Club,Colombo,Sri Lanka
Sinhalese Sports Club Ground,Colombo,Sri Lanka
"Sinhalese Sports Club Ground, Colombo",Colombo,Sri Lanka
"Sinovich Park, Sinoville",Pretoria,South Africa
Sir Paul Getty's Ground,Wormsley,England
"Sir Paul Getty's Ground, Wormsley",Wormsley,England
Sir Vivian Richards Stadium,North Sound,Antigua and Barbuda
"Sir Vivian Richards Stadium, Antigua",North Sound,Antigua and Barbuda
"Sir Vivian Richards Stadium, North Sound",North Sound,Antigua and Barbuda
"Sir Vivian Richards Stadium, North Sound",North Sound,Antigua and Barbuda
"Sir Vivian Richards Stadium, North Sound, Antigua",North Sound,Antigua and Barbuda
Skarpnack 1,Stockholm,Sweden
Skarpnack 2,Stockholm,Sweden
Sky Stadium,Wellington,New Zealand
"Sky Stadium, Wellington",Wellington,New Zealand
"Solvangs Park, Glostrup",Copenhagen,Denmark
Somerset Cricket Club,Somerset Village,Bermuda
Sophia Gardens,Cardiff,Wales
"Sophia Gardens, Cardiff",Cardiff,Wales
Southend Club Cricket Stadium,Karachi,Pakistan
"Southend Club Cricket Stadium, Karachi",Karachi,Pakistan
Sportpark Duivesteijn,Voorburg,Netherlands
"Sportpark Harga, Schiedam",Schiedam,Netherlands
Sportpark Het Schootsveld,Deventer,Netherlands
Sportpark Het Schootsveld 2,Deventer,Netherlands
"Sportpark Het Schootsveld, Deventer",Deventer,Netherlands
Sportpark Maarschalkerweerd,Utrecht,Netherlands
"Sportpark Maarschalkerweerd, Utrecht",Utrecht,Netherlands
Sportpark Thurlede,Schiedam,Netherlands
Sportpark Westvliet,The Hague,Netherlands
"Sportpark Westvliet, The Hague",The Hague,Netherlands
"Sportpark Westvliet, Voorburg",The Hague,Netherlands
"Spytty Park, Newport",Newport,Wales
Sri Lanka Army Ordnance Corps International Cricket Stadium,Kalutara,Sri Lanka
Sri Ramachandra Medical College,Chennai,India
St  Pauls college ground  Kalamassery,Kalamassery,India
"St Albans Club, Buenos Aires",Buenos Aires,Argentina
"St George's College Ground, Buenos Aires",Buenos Aires,Argentina
St George's Park,Port Elizabeth,South Africa
"St George's Park, Gqeberha",Gqeberha,South Africa
"St George's Park, Port Elizabeth",Gqeberha,South Africa
"St George's Park, Port Elizabeth",Gqeberha,South Africa
St Georges Quilmes,Quilmes,Argentina
"St Helen's, Swansea",Swansea,Wales
St Lawrence Ground,Canterbury,England
"St Lawrence Ground, Canterbury",Canterbury,England
St'Xavier's KCA Cricket Ground,Thiruvananthapuram,India
Stadium Australia,Sydney,Australia
"Stanley Park, Blackpool",Blackpool,England
Star Stile,Halstead,England
"Stars Arena Hofstade, Zemst",Zemst,Belgium
Stellenbosch University 1,Stellenbosch,South Africa
Stellenbosch University 2,Stellenbosch,South Africa
Strathfieldsaye,Bendigo,Australia
"Stubberudmyra Cricket Ground, Oslo",Oslo,Norway
Subrata Roy Sahara Stadium,Pune,India
Sulabiya Ground,Kuwait City,Kuwait
"Sunrise Sports Club, Harare",Harare,Zimbabwe
SuperSport Park,Centurion,South Africa
"SuperSport Park, Centurion",Centurion,South Africa
"Surrey Village, Maggona",Maggona,Sri Lanka
"Svanholm Park, Brondby",Brondby,Denmark
Sydney Cricket Ground,Sydney,Australia
Sydney Cricket Ground,Sydney,Australia
Sydney Parade,Dublin,Ireland
Sydney Showground Stadium,Sydney,Australia
Sydney Showground Stadium,Sydney,Australia
Sylhet International Cricket Stadium,Sylhet,Bangladesh
Sylhet International Cricket Stadium,Sylhet,Bangladesh
"Sylhet International Cricket Stadium, Academy Ground",Sylhet,Bangladesh
Sylhet Stadium,Sylhet,Bangladesh
Sylhet Stadium,Sylhet,Bangladesh
T I Murugappa Ground,Chennai,India
"TCA Oval, Blantyre",Blantyre,Malawi
Tack-Tec Ground,Kuwait City,Kuwait
Tafawa Balewa Square (TBS) Cricket Oval,Lagos,Nigeria
Tafawa Balewa Square Cricket Oval,Lagos,Nigeria
"Tafawa Balewa Square Cricket Oval, Lagos",Lagos,Nigeria
Takashinga Sports Club,Harare,Zimbabwe
"Takashinga Sports Club, Highfield, Harare",Harare,Zimbabwe
"Taunton Vale Sports Club Ground, Taunton",Taunton,England
Ted Summerton Reserve,Moe,Australia
"Ted Summerton Reserve, Moe",Moe,Australia
Terdthai Cricket Ground,Bangkok,Thailand
"Terdthai Cricket Ground, Bangkok",Bangkok,Thailand
Thailand Cricket Ground,Bangkok,Thailand
The Cooper Associates County Ground,Taunton,England
"The Cooper Associates County Ground, Taunton",Taunton,England
"The Cricket Field, Sedbergh School",Sedbergh,England
"The Gnoll, Neath",Neath,Wales
"The Green, Comber",Comber,Northern Ireland
The Hills Cricket Club Ground,Dublin,Ireland
"The Hills, Milverton",Milverton,Ireland
"The John Fretwell Sporting Complex, Nettleworth",Nettleworth,England
"The John Fretwell Sporting Complex, Sookholme",Sookholme,England
The Kent County Cricket Ground,Beckenham,England
"The Lawn, Waringstown",Waringstown,Northern Ireland
The Padang,Singapore,Singapore
The Rose Bowl,Southampton,England
The Rose Bowl (Nursery),Southampton,England
"The Rose Bowl, Southampton",Southampton,England
"The Royal & Sun Alliance County Ground, Bristol",Bristol,England
"The Saffrons, Eastbourne",Eastbourne,England
"The Village, Malahide",Dublin,Ireland
"The Village, Malahide, Dublin",Dublin,Ireland
The Vineyard,Dublin,Ireland
"The Vineyard, Dublin",Dublin,Ireland
The Wanderers Stadium,Johannesburg,South Africa
"The Wanderers Stadium, Johannesburg",Johannesburg,South Africa
"Three Ws Oval, Cave Hill, Barbados",Cave Hill,Barbados
"Thurstan College Ground, Colombo",Colombo,Sri Lanka
Tikkurila Cricket Ground,Vantaa,Finland
Titwood,Glasgow,Scotland
"Titwood, Glasgow",Glasgow,Scotland
Tolerance Oval,Abu Dhabi,United Arab Emirates
"Tolerance Oval, Abu Dhabi",Abu Dhabi,United Arab Emirates
Tony Ireland Stadium,Townsville,Australia
"Tony Ireland Stadium, Townsville",Townsville,Australia
"Toronto Cricket, Skating and Curling Club",Toronto,Canada
Traeger Park,Alice Springs,Australia
"Traeger Park, Alice Springs",Alice Springs,Australia
"Trafalgar Road Ground, Southport",Southport,England
Trent Bridge,Nottingham,England
"Trent Bridge, Nottingham",Nottingham,England
Tribhuvan University International Cricket Ground,Kirtipur,Nepal
"Tribhuvan University International Cricket Ground, Kirtipur",Kirtipur,Nepal
Turf City B Cricket Ground,Singapore,Singapore
UKM Cricket Oval,Bandar Kinrara,Malaysia
UKM-YSD Cricket Oval,Bangi,Malaysia
"UKM-YSD Cricket Oval, Bangi",Bangi,Malaysia
Udayana Cricket Ground,Bali,Indonesia
United Cricket Club Ground,Windhoek,Namibia
"United Cricket Club Ground, Windhoek",Windhoek,Namibia
University Oval,Dunedin,New Zealand
"University Oval, Dunedin",Dunedin,New Zealand
"University Oval, Hobart",Hobart,Australia
University of Dar-es-Salaam Ground,Dar-es-Salaam,Tanzania
University of Doha for Science and Technology,Doha,Qatar
University of Lagos Cricket Oval,Lagos,Nigeria
University of Otago Oval,Dunedin,New Zealand
"University of Tasmania Stadium, Launceston",Launceston,Australia
Uxbridge Cricket Club Ground,Uxbridge,England
Uxbridge Cricket Club Ground,Uxbridge,England
VCA Ground,Nagpur,India
VRA Cricket Ground,Amstelveen,Netherlands
VRA Ground,Amstelveen,Netherlands
"VRA Ground, Amstelveen",Amstelveen,Netherlands
Vanuatu Cricket Ground,Port Vila,Vanuatu
Vanuatu Cricket Ground (Oval 2),Port Vila,Vanuatu
"Vassil Levski National Sports Academy, Sofia",Sofia,Bulgaria
"Velden Cricket Ground, Latschach",Latschach,Austria
Vidarbha C.A. Ground,Nagpur,India
Vidarbha Cricket Association Ground,Nagpur,India
"Vidarbha Cricket Association Stadium, Jamtha",Nagpur,India
"Vidarbha Cricket Association Stadium, Jamtha",Nagpur,India
"Vidarbha Cricket Association Stadium, Jamtha, Nagpur",Nagpur,India
W.A.C.A. Ground,Perth,Australia
Wanderers,Windhoek,Namibia
Wanderers Cricket Ground,Windhoek,Namibia
"Wanderers Cricket Ground, Windhoek",Windhoek,Namibia
Wankhede Stadium,Mumbai,India
Wankhede Stadium,Mumbai,India
"Wankhede Stadium, Mumbai",Mumbai,India
"Warner Park, Basseterre",Basseterre,Saint Kitts and Nevis
"Warner Park, Basseterre",Basseterre,Saint Kitts and Nevis
"Warner Park, Basseterre, St Kitts",Basseterre,Saint Kitts and Nevis
"Warner Park, St Kitts",Basseterre,Saint Kitts and Nevis
Waverley Oval,Sydney,Australia
Welagedara Stadium,Kurunegala,Sri Lanka
"Welagedara Stadium, Kurunegala",Kurunegala,Sri Lanka
Welbeck Abbey Cricket Ground,Welbeck,England
"Welbeck Colliery Cricket Club Ground, Market Warsop",Market Warsop,England
West End Park International Cricket Stadium,Doha,Qatar
"West End Park International Cricket Stadium, Doha",Doha,Qatar
West Mersea Cricket Club,Colchester,England
West Park Oval,Burnie,Australia
Western Australia Cricket Association Ground,Perth,Australia
"Western Australia Cricket Association Ground, Perth",Perth,Australia
"Westpac Park, Hamilton",Hamilton,New Zealand
Westpac Stadium,Wellington,New Zealand
Westpac Stadium,Wellington,New Zealand
"Westpac Stadium, Wellington",Wellington,New Zealand
"White Hill Field, Sandys Parish",Hamilton,Bermuda
White Hills Oval,Bendigo,Australia
"Whitegate Park, Blackpool",Blackpool,England
Willowmoore Park,Benoni,South Africa
Willowmoore Park A Field,Benoni,South Africa
Willowmoore Park B Field,Benoni,South Africa
Willowmoore Park C Field,Benoni,South Africa
"Willowmoore Park, Benoni",Benoni,South Africa
"Windsor Park, Roseau",Roseau,Dominica
"Windsor Park, Roseau, Dominica",Roseau,Dominica
"Wong Cricket Field, Woodley Park",Los Angeles,United States of America
"Woodbridge Road, Guildford",Guildford,England
"Woodley Cricket Field, Los Angeles",Los Angeles,United States of America
"Woodvale Road, Eglinton",Eglinton,Northern Ireland
"Wright Cricket Field, Woodley Park",Los Angeles,United States of America
YMCA Cricket Club,Dublin,Ireland
"YSD-UKM Cricket Oval, Bangi",Bangi,Malaysia
Yeonhui Cricket Ground,Incheon,South Korea
"Yeonhui Cricket Ground, Incheon",Incheon,South Korea
York Cricket Club,York,England
Zahur Ahmed Chowdhury Stadium,Chattogram,Bangladesh
Zahur Ahmed Chowdhury Stadium,Chattogram,Bangladesh
"Zahur Ahmed Chowdhury Stadium, Chattogram",Chattogram,Bangladesh
"Zahur Ahmed Chowdhury Stadium, Chittagong",Chattogram,Bangladesh
Zayed Cricket Stadium,Abu Dhabi,United Arab Emirates
"Zayed Cricket Stadium, Abu Dhabi",Abu Dhabi,United Arab Emirates
Zhejiang University of Technology Cricket Field,Hangzhou,China
Zohur Ahmed Chowdhury Stadium,Chattogram,Bangladesh
